admin0_code,admin1_code,date,cases,deaths
US,01,2020-03-13,5,0
US,01,2020-03-14,11,0
US,01,2020-03-15,22,0
US,01,2020-03-16,29,0
US,01,2020-03-17,39,0
US,01,2020-03-18,51,0
US,01,2020-03-19,78,0
US,01,2020-03-20,106,0
US,01,2020-03-21,131,0
US,01,2020-03-22,167,0
US,01,2020-03-23,196,0
US,01,2020-03-24,242,0
US,01,2020-03-25,386,1
US,01,2020-03-26,531,1
US,01,2020-03-27,639,2
US,01,2020-03-28,717,3
US,01,2020-03-29,825,4
US,01,2020-03-30,941,6
US,01,2020-03-31,997,13
US,01,2020-04-01,1106,16
US,01,2020-04-02,1270,17
US,01,2020-04-03,1534,21
US,01,2020-04-04,1632,26
US,01,2020-04-05,1840,31
US,01,2020-04-06,2003,32
US,01,2020-04-07,2197,39
US,01,2020-04-08,2499,48
US,01,2020-04-09,2838,48
US,01,2020-04-10,3007,58
US,01,2020-04-11,3262,60
US,01,2020-04-12,3582,61
US,01,2020-04-13,3800,61
US,01,2020-04-14,3951,73
US,01,2020-04-15,4237,75
US,01,2020-04-16,4400,82
US,01,2020-04-17,4515,96
US,01,2020-04-18,4719,110
US,01,2020-04-19,4897,112
US,01,2020-04-20,5074,112
US,01,2020-04-21,5317,141
US,01,2020-04-22,5598,175
US,01,2020-04-23,5825,196
US,01,2020-04-24,6026,208
US,01,2020-04-25,6213,212
US,01,2020-04-26,6417,218
US,01,2020-04-27,6537,227
US,01,2020-04-28,6744,240
US,01,2020-04-29,6916,261
US,01,2020-04-30,7063,270
US,01,2020-05-01,7294,288
US,01,2020-05-02,7611,288
US,01,2020-05-03,7885,290
US,01,2020-05-04,8110,298
US,01,2020-05-05,8436,315
US,01,2020-05-06,8691,342
US,01,2020-05-07,9046,369
US,01,2020-05-08,9384,383
US,01,2020-05-09,9668,390
US,01,2020-05-10,9889,393
US,01,2020-05-11,10164,403
US,02,2020-03-12,1,0
US,02,2020-03-13,1,0
US,02,2020-03-14,1,0
US,02,2020-03-15,1,0
US,02,2020-03-16,3,0
US,02,2020-03-17,6,0
US,02,2020-03-18,6,0
US,02,2020-03-19,10,1
US,02,2020-03-20,16,4
US,02,2020-03-21,20,6
US,02,2020-03-22,23,0
US,02,2020-03-23,37,0
US,02,2020-03-24,42,0
US,02,2020-03-25,59,1
US,02,2020-03-26,69,1
US,02,2020-03-27,85,2
US,02,2020-03-28,102,2
US,02,2020-03-29,114,3
US,02,2020-03-30,119,3
US,02,2020-03-31,133,3
US,02,2020-04-01,142,3
US,02,2020-04-02,147,3
US,02,2020-04-03,157,3
US,02,2020-04-04,171,5
US,02,2020-04-05,185,7
US,02,2020-04-06,191,7
US,02,2020-04-07,213,6
US,02,2020-04-08,226,7
US,02,2020-04-09,236,7
US,02,2020-04-10,247,7
US,02,2020-04-11,258,8
US,02,2020-04-12,273,8
US,02,2020-04-13,278,8
US,02,2020-04-14,286,9
US,02,2020-04-15,294,9
US,02,2020-04-16,301,9
US,02,2020-04-17,310,9
US,02,2020-04-18,315,9
US,02,2020-04-19,320,9
US,02,2020-04-20,322,9
US,02,2020-04-21,330,9
US,02,2020-04-22,336,9
US,02,2020-04-23,338,9
US,02,2020-04-24,340,9
US,02,2020-04-25,340,9
US,02,2020-04-26,342,9
US,02,2020-04-27,346,9
US,02,2020-04-28,352,9
US,02,2020-04-29,356,9
US,02,2020-04-30,356,9
US,02,2020-05-01,365,9
US,02,2020-05-02,366,9
US,02,2020-05-03,369,9
US,02,2020-05-04,371,9
US,02,2020-05-05,372,9
US,02,2020-05-06,373,10
US,02,2020-05-07,375,10
US,02,2020-05-08,378,10
US,02,2020-05-09,379,10
US,02,2020-05-10,380,10
US,02,2020-05-11,382,10
US,04,2020-01-26,1,0
US,04,2020-01-27,1,0
US,04,2020-01-28,1,0
US,04,2020-01-29,1,0
US,04,2020-01-30,1,0
US,04,2020-01-31,1,0
US,04,2020-02-01,1,0
US,04,2020-02-02,1,0
US,04,2020-02-03,1,0
US,04,2020-02-04,1,0
US,04,2020-02-05,1,0
US,04,2020-02-06,1,0
US,04,2020-02-07,1,0
US,04,2020-02-08,1,0
US,04,2020-02-09,1,0
US,04,2020-02-10,1,0
US,04,2020-02-11,1,0
US,04,2020-02-12,1,0
US,04,2020-02-13,1,0
US,04,2020-02-14,1,0
US,04,2020-02-15,1,0
US,04,2020-02-16,1,0
US,04,2020-02-17,1,0
US,04,2020-02-18,1,0
US,04,2020-02-19,1,0
US,04,2020-02-20,1,0
US,04,2020-02-21,1,0
US,04,2020-02-22,1,0
US,04,2020-02-23,1,0
US,04,2020-02-24,1,0
US,04,2020-02-25,1,0
US,04,2020-02-26,1,0
US,04,2020-02-27,1,0
US,04,2020-02-28,1,0
US,04,2020-02-29,1,0
US,04,2020-03-01,1,0
US,04,2020-03-02,1,0
US,04,2020-03-03,1,0
US,04,2020-03-04,1,0
US,04,2020-03-05,1,0
US,04,2020-03-06,2,0
US,04,2020-03-07,4,0
US,04,2020-03-08,4,0
US,04,2020-03-09,6,0
US,04,2020-03-10,6,0
US,04,2020-03-11,10,0
US,04,2020-03-12,10,0
US,04,2020-03-13,10,0
US,04,2020-03-14,12,0
US,04,2020-03-15,12,0
US,04,2020-03-16,18,0
US,04,2020-03-17,20,0
US,04,2020-03-18,27,0
US,04,2020-03-19,44,0
US,04,2020-03-20,63,0
US,04,2020-03-21,103,1
US,04,2020-03-22,152,2
US,04,2020-03-23,234,2
US,04,2020-03-24,326,5
US,04,2020-03-25,401,5
US,04,2020-03-26,508,8
US,04,2020-03-27,663,13
US,04,2020-03-28,773,15
US,04,2020-03-29,919,17
US,04,2020-03-30,1154,20
US,04,2020-03-31,1289,24
US,04,2020-04-01,1414,29
US,04,2020-04-02,1596,32
US,04,2020-04-03,1769,41
US,04,2020-04-04,2018,52
US,04,2020-04-05,2269,64
US,04,2020-04-06,2456,65
US,04,2020-04-07,2575,72
US,04,2020-04-08,2726,79
US,04,2020-04-09,3018,86
US,04,2020-04-10,3111,95
US,04,2020-04-11,3393,108
US,04,2020-04-12,3539,115
US,04,2020-04-13,3701,122
US,04,2020-04-14,3806,131
US,04,2020-04-15,3962,142
US,04,2020-04-16,4234,150
US,04,2020-04-17,4507,169
US,04,2020-04-18,4718,177
US,04,2020-04-19,4928,184
US,04,2020-04-20,5064,187
US,04,2020-04-21,5251,208
US,04,2020-04-22,5459,228
US,04,2020-04-23,5768,249
US,04,2020-04-24,6043,266
US,04,2020-04-25,6280,273
US,04,2020-04-26,6526,275
US,04,2020-04-27,6716,276
US,04,2020-04-28,6948,293
US,04,2020-04-29,7202,304
US,04,2020-04-30,7648,320
US,04,2020-05-01,7961,330
US,04,2020-05-02,8364,348
US,04,2020-05-03,8640,362
US,04,2020-05-04,8919,362
US,04,2020-05-05,9304,395
US,04,2020-05-06,9706,426
US,04,2020-05-07,9944,450
US,04,2020-05-08,10526,517
US,04,2020-05-09,10960,532
US,04,2020-05-10,11119,536
US,04,2020-05-11,11380,542
US,05,2020-03-11,1,0
US,05,2020-03-12,5,0
US,05,2020-03-13,8,0
US,05,2020-03-14,12,0
US,05,2020-03-15,16,0
US,05,2020-03-16,22,0
US,05,2020-03-17,28,0
US,05,2020-03-18,37,0
US,05,2020-03-19,62,0
US,05,2020-03-20,100,0
US,05,2020-03-21,118,0
US,05,2020-03-22,165,0
US,05,2020-03-23,192,0
US,05,2020-03-24,222,2
US,05,2020-03-25,296,1
US,05,2020-03-26,328,2
US,05,2020-03-27,375,6
US,05,2020-03-28,403,5
US,05,2020-03-29,445,5
US,05,2020-03-30,504,7
US,05,2020-03-31,560,8
US,05,2020-04-01,621,10
US,05,2020-04-02,678,12
US,05,2020-04-03,732,12
US,05,2020-04-04,740,13
US,05,2020-04-05,853,15
US,05,2020-04-06,927,16
US,05,2020-04-07,997,18
US,05,2020-04-08,1077,18
US,05,2020-04-09,1146,21
US,05,2020-04-10,1201,24
US,05,2020-04-11,1227,25
US,05,2020-04-12,1276,27
US,05,2020-04-13,1472,27
US,05,2020-04-14,1495,32
US,05,2020-04-15,1593,34
US,05,2020-04-16,1615,37
US,05,2020-04-17,1690,37
US,05,2020-04-18,1776,38
US,05,2020-04-19,1779,39
US,05,2020-04-20,1969,42
US,05,2020-04-21,2260,43
US,05,2020-04-22,2391,44
US,05,2020-04-23,2598,45
US,05,2020-04-24,2807,47
US,05,2020-04-25,2907,48
US,05,2020-04-26,2998,50
US,05,2020-04-27,3064,51
US,05,2020-04-28,3122,57
US,05,2020-04-29,3201,59
US,05,2020-04-30,3269,61
US,05,2020-05-01,3304,64
US,05,2020-05-02,3359,72
US,05,2020-05-03,3418,75
US,05,2020-05-04,3463,80
US,05,2020-05-05,3524,83
US,05,2020-05-06,3609,87
US,05,2020-05-07,3694,88
US,05,2020-05-08,3747,88
US,05,2020-05-09,3747,88
US,05,2020-05-10,4011,91
US,05,2020-05-11,4043,94
US,06,2020-01-26,2,0
US,06,2020-01-27,3,0
US,06,2020-01-28,3,0
US,06,2020-01-29,4,0
US,06,2020-01-30,4,0
US,06,2020-01-31,4,0
US,06,2020-02-01,4,0
US,06,2020-02-02,4,0
US,06,2020-02-03,6,0
US,06,2020-02-04,6,0
US,06,2020-02-05,6,0
US,06,2020-02-06,6,1
US,06,2020-02-07,6,1
US,06,2020-02-08,6,1
US,06,2020-02-09,6,1
US,06,2020-02-10,6,1
US,06,2020-02-11,7,1
US,06,2020-02-12,7,1
US,06,2020-02-13,8,1
US,06,2020-02-14,8,1
US,06,2020-02-15,8,1
US,06,2020-02-16,8,1
US,06,2020-02-17,8,2
US,06,2020-02-18,9,2
US,06,2020-02-19,9,2
US,06,2020-02-20,9,2
US,06,2020-02-21,12,2
US,06,2020-02-22,12,2
US,06,2020-02-23,12,2
US,06,2020-02-24,13,2
US,06,2020-02-25,13,2
US,06,2020-02-26,15,2
US,06,2020-02-27,16,2
US,06,2020-02-28,18,2
US,06,2020-02-29,22,2
US,06,2020-03-01,22,2
US,06,2020-03-02,30,2
US,06,2020-03-03,34,2
US,06,2020-03-04,48,3
US,06,2020-03-05,62,3
US,06,2020-03-06,79,4
US,06,2020-03-07,119,4
US,06,2020-03-08,131,4
US,06,2020-03-09,194,5
US,06,2020-03-10,221,6
US,06,2020-03-11,326,7
US,06,2020-03-12,352,7
US,06,2020-03-13,406,7
US,06,2020-03-14,504,7
US,06,2020-03-15,621,9
US,06,2020-03-16,740,14
US,06,2020-03-17,923,17
US,06,2020-03-18,1107,20
US,06,2020-03-19,1318,22
US,06,2020-03-20,1597,27
US,06,2020-03-21,1804,32
US,06,2020-03-22,2105,36
US,06,2020-03-23,2587,43
US,06,2020-03-24,2990,55
US,06,2020-03-25,3518,70
US,06,2020-03-26,4368,86
US,06,2020-03-27,5226,103
US,06,2020-03-28,6058,124
US,06,2020-03-29,6707,135
US,06,2020-03-30,7643,152
US,06,2020-03-31,8815,185
US,06,2020-04-01,10172,215
US,06,2020-04-02,11397,246
US,06,2020-04-03,12755,284
US,06,2020-04-04,14055,323
US,06,2020-04-05,15356,352
US,06,2020-04-06,16545,389
US,06,2020-04-07,17706,448
US,06,2020-04-08,19191,505
US,06,2020-04-09,20337,546
US,06,2020-04-10,21566,596
US,06,2020-04-11,22562,632
US,06,2020-04-12,23433,677
US,06,2020-04-13,24437,726
US,06,2020-04-14,25859,779
US,06,2020-04-15,27097,879
US,06,2020-04-16,28126,971
US,06,2020-04-17,29420,1011
US,06,2020-04-18,30829,1147
US,06,2020-04-19,31591,1177
US,06,2020-04-20,33869,1224
US,06,2020-04-21,35814,1317
US,06,2020-04-22,37688,1430
US,06,2020-04-23,39556,1527
US,06,2020-04-24,41317,1611
US,06,2020-04-25,42565,1690
US,06,2020-04-26,43673,1713
US,06,2020-04-27,45172,1776
US,06,2020-04-28,46414,1865
US,06,2020-04-29,48795,1941
US,06,2020-04-30,50322,2031
US,06,2020-05-01,52204,2128
US,06,2020-05-02,53647,2185
US,06,2020-05-03,54901,2208
US,06,2020-05-04,56140,2282
US,06,2020-05-05,58695,2376
US,06,2020-05-06,60636,2459
US,06,2020-05-07,62302,2540
US,06,2020-05-08,64505,2627
US,06,2020-05-09,66739,2689
US,06,2020-05-10,67931,2716
US,06,2020-05-11,69340,2777
US,08,2020-03-06,3,0
US,08,2020-03-07,7,0
US,08,2020-03-08,7,0
US,08,2020-03-09,14,0
US,08,2020-03-10,18,0
US,08,2020-03-11,24,0
US,08,2020-03-12,49,0
US,08,2020-03-13,77,1
US,08,2020-03-14,101,1
US,08,2020-03-15,131,1
US,08,2020-03-16,160,1
US,08,2020-03-17,183,2
US,08,2020-03-18,183,2
US,08,2020-03-19,277,2
US,08,2020-03-20,362,4
US,08,2020-03-21,475,6
US,08,2020-03-22,591,7
US,08,2020-03-23,720,7
US,08,2020-03-24,911,11
US,08,2020-03-25,1086,19
US,08,2020-03-26,1429,24
US,08,2020-03-27,1732,31
US,08,2020-03-28,2061,44
US,08,2020-03-29,2306,47
US,08,2020-03-30,2624,54
US,08,2020-03-31,2965,69
US,08,2020-04-01,3341,80
US,08,2020-04-02,3724,97
US,08,2020-04-03,4173,111
US,08,2020-04-04,4565,126
US,08,2020-04-05,4950,139
US,08,2020-04-06,5172,150
US,08,2020-04-07,5429,179
US,08,2020-04-08,5655,193
US,08,2020-04-09,6098,227
US,08,2020-04-10,6322,250
US,08,2020-04-11,6638,274
US,08,2020-04-12,6898,290
US,08,2020-04-13,7128,290
US,08,2020-04-14,7290,329
US,08,2020-04-15,7493,357
US,08,2020-04-16,8675,374
US,08,2020-04-17,9046,391
US,08,2020-04-18,9426,411
US,08,2020-04-19,9723,422
US,08,2020-04-20,10100,449
US,08,2020-04-21,10440,486
US,08,2020-04-22,10871,508
US,08,2020-04-23,11182,550
US,08,2020-04-24,12171,672
US,08,2020-04-25,12884,670
US,08,2020-04-26,13355,678
US,08,2020-04-27,13793,704
US,08,2020-04-28,14304,736
US,08,2020-04-29,14745,766
US,08,2020-04-30,15261,777
US,08,2020-05-01,15766,820
US,08,2020-05-02,16224,832
US,08,2020-05-03,16624,842
US,08,2020-05-04,16902,851
US,08,2020-05-05,17364,901
US,08,2020-05-06,17830,921
US,08,2020-05-07,18371,944
US,08,2020-05-08,18827,959
US,08,2020-05-09,19372,967
US,08,2020-05-10,19699,971
US,08,2020-05-11,19879,987
US,09,2020-03-09,1,0
US,09,2020-03-10,2,0
US,09,2020-03-11,3,0
US,09,2020-03-12,5,0
US,09,2020-03-13,8,0
US,09,2020-03-14,20,0
US,09,2020-03-15,26,0
US,09,2020-03-16,41,0
US,09,2020-03-17,68,0
US,09,2020-03-18,96,1
US,09,2020-03-19,159,3
US,09,2020-03-20,194,4
US,09,2020-03-21,223,5
US,09,2020-03-22,327,8
US,09,2020-03-23,415,10
US,09,2020-03-24,618,12
US,09,2020-03-25,875,19
US,09,2020-03-26,1012,21
US,09,2020-03-27,1291,27
US,09,2020-03-28,1524,33
US,09,2020-03-29,1993,34
US,09,2020-03-30,2571,36
US,09,2020-03-31,3128,69
US,09,2020-04-01,3557,85
US,09,2020-04-02,3824,111
US,09,2020-04-03,4915,133
US,09,2020-04-04,5276,165
US,09,2020-04-05,5675,189
US,09,2020-04-06,6906,206
US,09,2020-04-07,7781,277
US,09,2020-04-08,8781,335
US,09,2020-04-09,9784,380
US,09,2020-04-10,10538,448
US,09,2020-04-11,11510,494
US,09,2020-04-12,12035,554
US,09,2020-04-13,13381,602
US,09,2020-04-14,13989,671
US,09,2020-04-15,14753,868
US,09,2020-04-16,15884,971
US,09,2020-04-17,16809,1036
US,09,2020-04-18,17550,1086
US,09,2020-04-19,17962,1127
US,09,2020-04-20,19815,1331
US,09,2020-04-21,20360,1423
US,09,2020-04-22,22469,1542
US,09,2020-04-23,23100,1637
US,09,2020-04-24,23921,1763
US,09,2020-04-25,24582,1861
US,09,2020-04-26,25269,1923
US,09,2020-04-27,25997,2011
US,09,2020-04-28,26312,2088
US,09,2020-04-29,26767,2168
US,09,2020-04-30,27700,2257
US,09,2020-05-01,28764,2339
US,09,2020-05-02,29287,2436
US,09,2020-05-03,29287,2495
US,09,2020-05-04,29973,2556
US,09,2020-05-05,30621,2633
US,09,2020-05-06,30995,2718
US,09,2020-05-07,31783,2796
US,09,2020-05-08,32411,2874
US,09,2020-05-09,32984,2932
US,09,2020-05-10,33554,2967
US,09,2020-05-11,33765,3008
US,10,2020-03-12,4,0
US,10,2020-03-13,4,0
US,10,2020-03-14,6,0
US,10,2020-03-15,7,0
US,10,2020-03-16,8,0
US,10,2020-03-17,17,0
US,10,2020-03-18,26,0
US,10,2020-03-19,30,0
US,10,2020-03-20,39,0
US,10,2020-03-21,45,0
US,10,2020-03-22,56,0
US,10,2020-03-23,87,0
US,10,2020-03-24,104,0
US,10,2020-03-25,119,0
US,10,2020-03-26,119,0
US,10,2020-03-27,165,2
US,10,2020-03-28,214,5
US,10,2020-03-29,232,6
US,10,2020-03-30,264,7
US,10,2020-03-31,319,10
US,10,2020-04-01,368,11
US,10,2020-04-02,393,12
US,10,2020-04-03,450,14
US,10,2020-04-04,593,14
US,10,2020-04-05,673,14
US,10,2020-04-06,783,15
US,10,2020-04-07,928,16
US,10,2020-04-08,1116,19
US,10,2020-04-09,1209,23
US,10,2020-04-10,1326,32
US,10,2020-04-11,1479,33
US,10,2020-04-12,1638,35
US,10,2020-04-13,1761,35
US,10,2020-04-14,1926,43
US,10,2020-04-15,2014,46
US,10,2020-04-16,2075,52
US,10,2020-04-17,2323,61
US,10,2020-04-18,2538,67
US,10,2020-04-19,2538,67
US,10,2020-04-20,2745,72
US,10,2020-04-21,2931,82
US,10,2020-04-22,3200,89
US,10,2020-04-23,3308,92
US,10,2020-04-24,3442,100
US,10,2020-04-25,3576,112
US,10,2020-04-26,4034,120
US,10,2020-04-27,4162,125
US,10,2020-04-28,4575,137
US,10,2020-04-29,4655,144
US,10,2020-04-30,4734,152
US,10,2020-05-01,4918,159
US,10,2020-05-02,5038,168
US,10,2020-05-03,5208,177
US,10,2020-05-04,5288,182
US,10,2020-05-05,5371,187
US,10,2020-05-06,5778,193
US,10,2020-05-07,5939,202
US,10,2020-05-08,6111,202
US,10,2020-05-09,6280,202
US,10,2020-05-10,6447,202
US,10,2020-05-11,6555,225
US,11,2020-03-08,2,0
US,11,2020-03-09,4,0
US,11,2020-03-10,4,0
US,11,2020-03-11,10,0
US,11,2020-03-12,10,0
US,11,2020-03-13,10,0
US,11,2020-03-14,16,0
US,11,2020-03-15,17,0
US,11,2020-03-16,22,0
US,11,2020-03-17,31,0
US,11,2020-03-18,39,0
US,11,2020-03-19,71,0
US,11,2020-03-20,77,1
US,11,2020-03-21,98,1
US,11,2020-03-22,116,2
US,11,2020-03-23,137,2
US,11,2020-03-24,183,2
US,11,2020-03-25,231,3
US,11,2020-03-26,267,3
US,11,2020-03-27,304,4
US,11,2020-03-28,342,5
US,11,2020-03-29,401,9
US,11,2020-03-30,495,9
US,11,2020-03-31,586,11
US,11,2020-04-01,586,12
US,11,2020-04-02,653,15
US,11,2020-04-03,757,21
US,11,2020-04-04,902,21
US,11,2020-04-05,998,22
US,11,2020-04-06,1097,22
US,11,2020-04-07,1211,22
US,11,2020-04-08,1440,27
US,11,2020-04-09,1523,22
US,11,2020-04-10,1660,22
US,11,2020-04-11,1778,22
US,11,2020-04-12,1875,22
US,11,2020-04-13,1875,22
US,11,2020-04-14,2058,67
US,11,2020-04-15,2197,72
US,11,2020-04-16,2350,81
US,11,2020-04-17,2476,86
US,11,2020-04-18,2666,91
US,11,2020-04-19,2793,96
US,11,2020-04-20,2927,105
US,11,2020-04-21,3098,112
US,11,2020-04-22,3206,127
US,11,2020-04-23,3361,139
US,11,2020-04-24,3528,153
US,11,2020-04-25,3699,165
US,11,2020-04-26,3841,178
US,11,2020-04-27,3892,185
US,11,2020-04-28,3994,190
US,11,2020-04-29,4106,205
US,11,2020-04-30,4323,224
US,11,2020-05-01,4658,231
US,11,2020-05-02,4797,240
US,11,2020-05-03,5016,251
US,11,2020-05-04,5170,258
US,11,2020-05-05,5322,264
US,11,2020-05-06,5461,264
US,11,2020-05-07,5654,285
US,11,2020-05-08,5899,304
US,11,2020-05-09,6102,311
US,11,2020-05-10,6272,323
US,11,2020-05-11,6389,328
US,12,2020-03-02,1,0
US,12,2020-03-03,1,0
US,12,2020-03-04,1,0
US,12,2020-03-05,2,0
US,12,2020-03-06,2,2
US,12,2020-03-07,6,2
US,12,2020-03-08,9,2
US,12,2020-03-09,14,2
US,12,2020-03-10,25,2
US,12,2020-03-11,49,2
US,12,2020-03-12,58,2
US,12,2020-03-13,64,2
US,12,2020-03-14,96,3
US,12,2020-03-15,136,3
US,12,2020-03-16,167,5
US,12,2020-03-17,216,6
US,12,2020-03-18,328,7
US,12,2020-03-19,432,8
US,12,2020-03-20,652,10
US,12,2020-03-21,762,10
US,12,2020-03-22,1005,13
US,12,2020-03-23,1227,19
US,12,2020-03-24,1412,21
US,12,2020-03-25,1975,25
US,12,2020-03-26,2439,30
US,12,2020-03-27,3198,46
US,12,2020-03-28,4038,56
US,12,2020-03-29,4948,59
US,12,2020-03-30,5704,71
US,12,2020-03-31,6741,85
US,12,2020-04-01,7559,97
US,12,2020-04-02,9008,144
US,12,2020-04-03,10268,170
US,12,2020-04-04,11544,195
US,12,2020-04-05,12350,221
US,12,2020-04-06,13629,254
US,12,2020-04-07,14747,296
US,12,2020-04-08,15698,323
US,12,2020-04-09,16826,371
US,12,2020-04-10,17968,419
US,12,2020-04-11,18986,446
US,12,2020-04-12,19895,461
US,12,2020-04-13,21019,461
US,12,2020-04-14,21628,571
US,12,2020-04-15,22519,614
US,12,2020-04-16,23340,668
US,12,2020-04-17,24747,726
US,12,2020-04-18,25491,748
US,12,2020-04-19,26312,774
US,12,2020-04-20,27056,823
US,12,2020-04-21,27868,867
US,12,2020-04-22,28576,927
US,12,2020-04-23,29647,987
US,12,2020-04-24,30533,1046
US,12,2020-04-25,30836,1055
US,12,2020-04-26,31527,1074
US,12,2020-04-27,32136,1088
US,12,2020-04-28,32844,1171
US,12,2020-04-29,33192,1218
US,12,2020-04-30,33690,1267
US,12,2020-05-01,34725,1314
US,12,2020-05-02,35460,1364
US,12,2020-05-03,36078,1379
US,12,2020-05-04,36892,1399
US,12,2020-05-05,37429,1468
US,12,2020-05-06,38001,1535
US,12,2020-05-07,38828,1596
US,12,2020-05-08,39196,1667
US,12,2020-05-09,39998,1713
US,12,2020-05-10,40596,1719
US,12,2020-05-11,40982,1735
US,13,2020-03-03,2,0
US,13,2020-03-04,2,0
US,13,2020-03-05,2,0
US,13,2020-03-06,3,0
US,13,2020-03-07,6,0
US,13,2020-03-08,5,0
US,13,2020-03-09,17,0
US,13,2020-03-10,19,0
US,13,2020-03-11,33,0
US,13,2020-03-12,56,1
US,13,2020-03-13,56,1
US,13,2020-03-14,66,1
US,13,2020-03-15,98,1
US,13,2020-03-16,121,1
US,13,2020-03-17,145,1
US,13,2020-03-18,197,1
US,13,2020-03-19,283,10
US,13,2020-03-20,483,14
US,13,2020-03-21,555,20
US,13,2020-03-22,619,20
US,13,2020-03-23,799,26
US,13,2020-03-24,1093,37
US,13,2020-03-25,1374,46
US,13,2020-03-26,1633,55
US,13,2020-03-27,2197,65
US,13,2020-03-28,2445,78
US,13,2020-03-29,2682,82
US,13,2020-03-30,3024,102
US,13,2020-03-31,4110,125
US,13,2020-04-01,4744,154
US,13,2020-04-02,5440,175
US,13,2020-04-03,5960,197
US,13,2020-04-04,6374,207
US,13,2020-04-05,6731,219
US,13,2020-04-06,7554,292
US,13,2020-04-07,9156,346
US,13,2020-04-08,10204,368
US,13,2020-04-09,10885,409
US,13,2020-04-10,11856,421
US,13,2020-04-11,12261,432
US,13,2020-04-12,12550,442
US,13,2020-04-13,13621,442
US,13,2020-04-14,14578,523
US,13,2020-04-15,15120,575
US,13,2020-04-16,16144,616
US,13,2020-04-17,17152,666
US,13,2020-04-18,17580,674
US,13,2020-04-19,18216,688
US,13,2020-04-20,19084,767
US,13,2020-04-21,19662,816
US,13,2020-04-22,20493,843
US,13,2020-04-23,21477,879
US,13,2020-04-24,22014,896
US,13,2020-04-25,22566,903
US,13,2020-04-26,22830,913
US,13,2020-04-27,23592,990
US,13,2020-04-28,24217,1031
US,13,2020-04-29,25128,1090
US,13,2020-04-30,25832,1128
US,13,2020-05-01,26806,1161
US,13,2020-05-02,27628,1168
US,13,2020-05-03,27930,1174
US,13,2020-05-04,28712,1237
US,13,2020-05-05,29198,1288
US,13,2020-05-06,30191,1324
US,13,2020-05-07,30730,1350
US,13,2020-05-08,31299,1399
US,13,2020-05-09,31831,1401
US,13,2020-05-10,32676,1403
US,13,2020-05-11,33308,1459
US,15,2020-03-07,1,0
US,15,2020-03-08,1,0
US,15,2020-03-09,2,0
US,15,2020-03-10,2,0
US,15,2020-03-11,2,0
US,15,2020-03-12,2,0
US,15,2020-03-13,2,0
US,15,2020-03-14,3,0
US,15,2020-03-15,6,0
US,15,2020-03-16,9,0
US,15,2020-03-17,12,0
US,15,2020-03-18,15,0
US,15,2020-03-19,25,0
US,15,2020-03-20,35,0
US,15,2020-03-21,45,0
US,15,2020-03-22,53,0
US,15,2020-03-23,65,0
US,15,2020-03-24,84,0
US,15,2020-03-25,101,0
US,15,2020-03-26,106,0
US,15,2020-03-27,118,0
US,15,2020-03-28,151,0
US,15,2020-03-29,173,0
US,15,2020-03-30,202,0
US,15,2020-03-31,224,1
US,15,2020-04-01,258,2
US,15,2020-04-02,285,2
US,15,2020-04-03,319,3
US,15,2020-04-04,351,3
US,15,2020-04-05,371,4
US,15,2020-04-06,387,5
US,15,2020-04-07,410,6
US,15,2020-04-08,435,6
US,15,2020-04-09,442,6
US,15,2020-04-10,465,8
US,15,2020-04-11,486,8
US,15,2020-04-12,499,9
US,15,2020-04-13,504,9
US,15,2020-04-14,517,9
US,15,2020-04-15,530,9
US,15,2020-04-16,541,9
US,15,2020-04-17,553,9
US,15,2020-04-18,574,9
US,15,2020-04-19,580,9
US,15,2020-04-20,584,9
US,15,2020-04-21,586,9
US,15,2020-04-22,592,9
US,15,2020-04-23,596,9
US,15,2020-04-24,600,9
US,15,2020-04-25,604,9
US,15,2020-04-26,606,9
US,15,2020-04-27,607,9
US,15,2020-04-28,607,9
US,15,2020-04-29,613,16
US,15,2020-04-30,618,16
US,15,2020-05-01,619,16
US,15,2020-05-02,619,16
US,15,2020-05-03,620,17
US,15,2020-05-04,620,17
US,15,2020-05-05,625,17
US,15,2020-05-06,626,17
US,15,2020-05-07,628,17
US,15,2020-05-08,628,17
US,15,2020-05-09,631,17
US,15,2020-05-10,632,17
US,15,2020-05-11,634,17
US,16,2020-03-14,4,0
US,16,2020-03-15,4,0
US,16,2020-03-16,4,0
US,16,2020-03-17,7,0
US,16,2020-03-18,11,0
US,16,2020-03-19,23,0
US,16,2020-03-20,31,0
US,16,2020-03-21,42,0
US,16,2020-03-22,47,0
US,16,2020-03-23,50,0
US,16,2020-03-24,73,0
US,16,2020-03-25,122,0
US,16,2020-03-26,189,3
US,16,2020-03-27,234,4
US,16,2020-03-28,265,5
US,16,2020-03-29,314,6
US,16,2020-03-30,415,7
US,16,2020-03-31,525,9
US,16,2020-04-01,668,9
US,16,2020-04-02,889,9
US,16,2020-04-03,1011,10
US,16,2020-04-04,1076,10
US,16,2020-04-05,1100,10
US,16,2020-04-06,1169,12
US,16,2020-04-07,1210,14
US,16,2020-04-08,1232,17
US,16,2020-04-09,1353,23
US,16,2020-04-10,1396,25
US,16,2020-04-11,1407,27
US,16,2020-04-12,1425,27
US,16,2020-04-13,1453,33
US,16,2020-04-14,1464,39
US,16,2020-04-15,1587,41
US,16,2020-04-16,1609,41
US,16,2020-04-17,1655,43
US,16,2020-04-18,1668,44
US,16,2020-04-19,1672,45
US,16,2020-04-20,1736,48
US,16,2020-04-21,1766,51
US,16,2020-04-22,1800,54
US,16,2020-04-23,1831,54
US,16,2020-04-24,1864,54
US,16,2020-04-25,1885,56
US,16,2020-04-26,1893,56
US,16,2020-04-27,1917,58
US,16,2020-04-28,1951,58
US,16,2020-04-29,1982,60
US,16,2020-04-30,2013,62
US,16,2020-05-01,2034,62
US,16,2020-05-02,2061,63
US,16,2020-05-03,2061,63
US,16,2020-05-04,2106,63
US,16,2020-05-05,2127,65
US,16,2020-05-06,2158,66
US,16,2020-05-07,2178,67
US,16,2020-05-08,2205,67
US,16,2020-05-09,2230,67
US,16,2020-05-10,2230,67
US,16,2020-05-11,2260,70
US,17,2020-01-24,1,0
US,17,2020-01-25,1,0
US,17,2020-01-26,1,0
US,17,2020-01-27,1,0
US,17,2020-01-28,1,0
US,17,2020-01-29,1,0
US,17,2020-01-30,1,0
US,17,2020-01-31,2,0
US,17,2020-02-01,2,0
US,17,2020-02-02,2,0
US,17,2020-02-03,2,0
US,17,2020-02-04,2,0
US,17,2020-02-05,2,0
US,17,2020-02-06,2,0
US,17,2020-02-07,2,0
US,17,2020-02-08,2,0
US,17,2020-02-09,2,0
US,17,2020-02-10,2,0
US,17,2020-02-11,2,0
US,17,2020-02-12,2,0
US,17,2020-02-13,2,0
US,17,2020-02-14,2,0
US,17,2020-02-15,2,0
US,17,2020-02-16,2,0
US,17,2020-02-17,2,0
US,17,2020-02-18,2,0
US,17,2020-02-19,2,0
US,17,2020-02-20,2,0
US,17,2020-02-21,2,0
US,17,2020-02-22,2,0
US,17,2020-02-23,2,0
US,17,2020-02-24,2,0
US,17,2020-02-25,2,0
US,17,2020-02-26,2,0
US,17,2020-02-27,2,0
US,17,2020-02-28,2,0
US,17,2020-02-29,2,0
US,17,2020-03-01,3,0
US,17,2020-03-02,4,0
US,17,2020-03-03,4,0
US,17,2020-03-04,4,0
US,17,2020-03-05,5,0
US,17,2020-03-06,5,0
US,17,2020-03-07,6,0
US,17,2020-03-08,7,0
US,17,2020-03-09,13,0
US,17,2020-03-10,19,0
US,17,2020-03-11,24,0
US,17,2020-03-12,32,0
US,17,2020-03-13,46,0
US,17,2020-03-14,63,0
US,17,2020-03-15,92,0
US,17,2020-03-16,104,0
US,17,2020-03-17,159,1
US,17,2020-03-18,287,1
US,17,2020-03-19,421,4
US,17,2020-03-20,584,5
US,17,2020-03-21,752,6
US,17,2020-03-22,1049,8
US,17,2020-03-23,1285,11
US,17,2020-03-24,1536,16
US,17,2020-03-25,1864,18
US,17,2020-03-26,2540,26
US,17,2020-03-27,3027,29
US,17,2020-03-28,3491,47
US,17,2020-03-29,4596,65
US,17,2020-03-30,5057,72
US,17,2020-03-31,5993,99
US,17,2020-04-01,6972,139
US,17,2020-04-02,7678,157
US,17,2020-04-03,8871,209
US,17,2020-04-04,10357,244
US,17,2020-04-05,11254,274
US,17,2020-04-06,12259,307
US,17,2020-04-07,13553,380
US,17,2020-04-08,15078,462
US,17,2020-04-09,16422,528
US,17,2020-04-10,17884,596
US,17,2020-04-11,19179,677
US,17,2020-04-12,20851,720
US,17,2020-04-13,22022,720
US,17,2020-04-14,23246,868
US,17,2020-04-15,24591,948
US,17,2020-04-16,25729,1072
US,17,2020-04-17,27573,1132
US,17,2020-04-18,29135,1259
US,17,2020-04-19,30346,1290
US,17,2020-04-20,31503,1349
US,17,2020-04-21,33053,1468
US,17,2020-04-22,35107,1565
US,17,2020-04-23,36932,1688
US,17,2020-04-24,39650,1795
US,17,2020-04-25,41773,1875
US,17,2020-04-26,43896,1933
US,17,2020-04-27,45879,1983
US,17,2020-04-28,48097,2125
US,17,2020-04-29,50349,2214
US,17,2020-04-30,52908,2354
US,17,2020-05-01,56049,2456
US,17,2020-05-02,58500,2554
US,17,2020-05-03,61485,2616
US,17,2020-05-04,63831,2660
US,17,2020-05-05,65959,2838
US,17,2020-05-06,68229,2974
US,17,2020-05-07,70870,3110
US,17,2020-05-08,73758,3240
US,17,2020-05-09,76085,3348
US,17,2020-05-10,77737,3406
US,17,2020-05-11,79007,3459
US,18,2020-03-06,1,0
US,18,2020-03-07,1,0
US,18,2020-03-08,2,0
US,18,2020-03-09,6,0
US,18,2020-03-10,10,0
US,18,2020-03-11,10,0
US,18,2020-03-12,12,0
US,18,2020-03-13,12,0
US,18,2020-03-14,19,0
US,18,2020-03-15,19,0
US,18,2020-03-16,30,2
US,18,2020-03-17,30,2
US,18,2020-03-18,35,4
US,18,2020-03-19,55,5
US,18,2020-03-20,124,5
US,18,2020-03-21,124,9
US,18,2020-03-22,200,14
US,18,2020-03-23,258,19
US,18,2020-03-24,360,24
US,18,2020-03-25,477,29
US,18,2020-03-26,962,35
US,18,2020-03-27,962,44
US,18,2020-03-28,1232,47
US,18,2020-03-29,1514,57
US,18,2020-03-30,1783,75
US,18,2020-03-31,2159,90
US,18,2020-04-01,2564,111
US,18,2020-04-02,3038,133
US,18,2020-04-03,3436,154
US,18,2020-04-04,3948,185
US,18,2020-04-05,4409,210
US,18,2020-04-06,4942,244
US,18,2020-04-07,5507,269
US,18,2020-04-08,5943,304
US,18,2020-04-09,6351,332
US,18,2020-04-10,6905,367
US,18,2020-04-11,7431,392
US,18,2020-04-12,7920,412
US,18,2020-04-13,8221,440
US,18,2020-04-14,8514,473
US,18,2020-04-15,8941,515
US,18,2020-04-16,9527,552
US,18,2020-04-17,10149,582
US,18,2020-04-18,10639,616
US,18,2020-04-19,11206,641
US,18,2020-04-20,11677,673
US,18,2020-04-21,12090,708
US,18,2020-04-22,12436,750
US,18,2020-04-23,12436,789
US,18,2020-04-24,13621,817
US,18,2020-04-25,14311,843
US,18,2020-04-26,15012,879
US,18,2020-04-27,15960,910
US,18,2020-04-28,16579,943
US,18,2020-04-29,17226,963
US,18,2020-04-30,17818,1007
US,18,2020-05-01,18629,1062
US,18,2020-05-02,19293,1115
US,18,2020-05-03,19930,1132
US,18,2020-05-04,20502,1151
US,18,2020-05-05,21028,1213
US,18,2020-05-06,21865,1264
US,18,2020-05-07,22499,1295
US,18,2020-05-08,23144,1328
US,18,2020-05-09,23731,1362
US,18,2020-05-10,24124,1379
US,18,2020-05-11,24627,1411
US,19,2020-03-09,8,0
US,19,2020-03-10,14,0
US,19,2020-03-11,14,0
US,19,2020-03-12,16,0
US,19,2020-03-13,17,0
US,19,2020-03-14,18,0
US,19,2020-03-15,18,0
US,19,2020-03-16,23,0
US,19,2020-03-17,29,0
US,19,2020-03-18,38,0
US,19,2020-03-19,44,0
US,19,2020-03-20,44,0
US,19,2020-03-21,68,0
US,19,2020-03-22,90,0
US,19,2020-03-23,105,0
US,19,2020-03-24,122,1
US,19,2020-03-25,145,1
US,19,2020-03-26,179,1
US,19,2020-03-27,235,3
US,19,2020-03-28,298,3
US,19,2020-03-29,336,4
US,19,2020-03-30,424,6
US,19,2020-03-31,496,7
US,19,2020-04-01,548,9
US,19,2020-04-02,614,11
US,19,2020-04-03,699,11
US,19,2020-04-04,785,11
US,19,2020-04-05,868,17
US,19,2020-04-06,945,25
US,19,2020-04-07,1048,26
US,19,2020-04-08,1145,27
US,19,2020-04-09,1270,27
US,19,2020-04-10,1388,31
US,19,2020-04-11,1510,34
US,19,2020-04-12,1587,41
US,19,2020-04-13,1710,41
US,19,2020-04-14,1898,43
US,19,2020-04-15,1994,53
US,19,2020-04-16,2141,60
US,19,2020-04-17,2332,64
US,19,2020-04-18,2508,74
US,19,2020-04-19,2900,75
US,19,2020-04-20,3153,79
US,19,2020-04-21,3634,83
US,19,2020-04-22,3744,90
US,19,2020-04-23,3921,96
US,19,2020-04-24,4442,107
US,19,2020-04-25,5087,112
US,19,2020-04-26,5460,118
US,19,2020-04-27,5856,127
US,19,2020-04-28,6375,136
US,19,2020-04-29,6841,148
US,19,2020-04-30,7142,162
US,19,2020-05-01,7877,170
US,19,2020-05-02,8633,175
US,19,2020-05-03,9168,184
US,19,2020-05-04,9701,188
US,19,2020-05-05,10202,207
US,19,2020-05-06,10401,219
US,19,2020-05-07,11052,231
US,19,2020-05-08,11448,243
US,19,2020-05-09,11667,252
US,19,2020-05-10,11962,265
US,19,2020-05-11,12373,271
US,20,2020-03-08,1,0
US,20,2020-03-09,1,0
US,20,2020-03-10,1,0
US,20,2020-03-11,1,0
US,20,2020-03-12,5,1
US,20,2020-03-13,6,1
US,20,2020-03-14,6,1
US,20,2020-03-15,8,1
US,20,2020-03-16,13,1
US,20,2020-03-17,16,1
US,20,2020-03-18,21,1
US,20,2020-03-19,34,1
US,20,2020-03-20,44,1
US,20,2020-03-21,54,2
US,20,2020-03-22,63,2
US,20,2020-03-23,79,2
US,20,2020-03-24,92,2
US,20,2020-03-25,125,3
US,20,2020-03-26,170,3
US,20,2020-03-27,205,4
US,20,2020-03-28,263,5
US,20,2020-03-29,320,5
US,20,2020-03-30,369,9
US,20,2020-03-31,428,10
US,20,2020-04-01,482,10
US,20,2020-04-02,550,13
US,20,2020-04-03,620,16
US,20,2020-04-04,698,21
US,20,2020-04-05,747,22
US,20,2020-04-06,845,25
US,20,2020-04-07,900,30
US,20,2020-04-08,1044,38
US,20,2020-04-09,1105,42
US,20,2020-04-10,1163,48
US,20,2020-04-11,1263,55
US,20,2020-04-12,1334,56
US,20,2020-04-13,1375,62
US,20,2020-04-14,1425,69
US,20,2020-04-15,1493,76
US,20,2020-04-16,1587,80
US,20,2020-04-17,1703,84
US,20,2020-04-18,1789,86
US,20,2020-04-19,1847,93
US,20,2020-04-20,1984,101
US,20,2020-04-21,2024,101
US,20,2020-04-22,2210,111
US,20,2020-04-23,2481,113
US,20,2020-04-24,2773,113
US,20,2020-04-25,3055,119
US,20,2020-04-26,3173,121
US,20,2020-04-27,3327,125
US,20,2020-04-28,3490,127
US,20,2020-04-29,3734,133
US,20,2020-04-30,4235,134
US,20,2020-05-01,4446,140
US,20,2020-05-02,4745,141
US,20,2020-05-03,5029,144
US,20,2020-05-04,5244,155
US,20,2020-05-05,5456,160
US,20,2020-05-06,5734,163
US,20,2020-05-07,6144,163
US,20,2020-05-08,6501,168
US,20,2020-05-09,6751,173
US,20,2020-05-10,6982,173
US,20,2020-05-11,7116,175
US,21,2020-03-09,3,0
US,21,2020-03-10,4,0
US,21,2020-03-11,6,0
US,21,2020-03-12,10,0
US,21,2020-03-13,13,0
US,21,2020-03-14,15,0
US,21,2020-03-15,21,1
US,21,2020-03-16,22,1
US,21,2020-03-17,26,1
US,21,2020-03-18,34,1
US,21,2020-03-19,47,2
US,21,2020-03-20,54,2
US,21,2020-03-21,53,3
US,21,2020-03-22,66,3
US,21,2020-03-23,121,4
US,21,2020-03-24,153,4
US,21,2020-03-25,192,5
US,21,2020-03-26,242,5
US,21,2020-03-27,296,9
US,21,2020-03-28,357,10
US,21,2020-03-29,389,10
US,21,2020-03-30,430,11
US,21,2020-03-31,529,18
US,21,2020-04-01,623,20
US,21,2020-04-02,714,31
US,21,2020-04-03,775,37
US,21,2020-04-04,871,40
US,21,2020-04-05,970,45
US,21,2020-04-06,1081,59
US,21,2020-04-07,1140,62
US,21,2020-04-08,1338,66
US,21,2020-04-09,1509,79
US,21,2020-04-10,1692,90
US,21,2020-04-11,1841,94
US,21,2020-04-12,1951,96
US,21,2020-04-13,2036,105
US,21,2020-04-14,2193,115
US,21,2020-04-15,2278,121
US,21,2020-04-16,2305,129
US,21,2020-04-17,2512,137
US,21,2020-04-18,2679,144
US,21,2020-04-19,2942,148
US,21,2020-04-20,3027,154
US,21,2020-04-21,3177,171
US,21,2020-04-22,3353,185
US,21,2020-04-23,3467,191
US,21,2020-04-24,3753,200
US,21,2020-04-25,3882,205
US,21,2020-04-26,4054,208
US,21,2020-04-27,4133,213
US,21,2020-04-28,4360,225
US,21,2020-04-29,4523,235
US,21,2020-04-30,4695,240
US,21,2020-05-01,4864,248
US,21,2020-05-02,4864,248
US,21,2020-05-03,5112,253
US,21,2020-05-04,5236,261
US,21,2020-05-05,5808,275
US,21,2020-05-06,5928,283
US,21,2020-05-07,6121,294
US,21,2020-05-08,6286,298
US,21,2020-05-09,6438,304
US,21,2020-05-10,6438,304
US,21,2020-05-11,6677,311
US,22,2020-03-09,1,0
US,22,2020-03-10,5,0
US,22,2020-03-11,13,0
US,22,2020-03-12,19,0
US,22,2020-03-13,36,0
US,22,2020-03-14,85,1
US,22,2020-03-15,103,2
US,22,2020-03-16,136,3
US,22,2020-03-17,196,4
US,22,2020-03-18,280,7
US,22,2020-03-19,391,10
US,22,2020-03-20,535,14
US,22,2020-03-21,762,20
US,22,2020-03-22,837,20
US,22,2020-03-23,1170,34
US,22,2020-03-24,1384,45
US,22,2020-03-25,1795,65
US,22,2020-03-26,2303,83
US,22,2020-03-27,2744,119
US,22,2020-03-28,3313,137
US,22,2020-03-29,3537,153
US,22,2020-03-30,4023,185
US,22,2020-03-31,5235,238
US,22,2020-04-01,6424,268
US,22,2020-04-02,9094,309
US,22,2020-04-03,10169,370
US,22,2020-04-04,12493,408
US,22,2020-04-05,13010,476
US,22,2020-04-06,14866,512
US,22,2020-04-07,16284,580
US,22,2020-04-08,17030,650
US,22,2020-04-09,18280,700
US,22,2020-04-10,19249,753
US,22,2020-04-11,20011,804
US,22,2020-04-12,20592,837
US,22,2020-04-13,21012,837
US,22,2020-04-14,21514,1011
US,22,2020-04-15,21942,1101
US,22,2020-04-16,22511,1156
US,22,2020-04-17,23113,1213
US,22,2020-04-18,23579,1267
US,22,2020-04-19,23927,1296
US,22,2020-04-20,24520,1328
US,22,2020-04-21,24851,1405
US,22,2020-04-22,25253,1472
US,22,2020-04-23,25735,1540
US,22,2020-04-24,26138,1601
US,22,2020-04-25,26511,1643
US,22,2020-04-26,26773,1668
US,22,2020-04-27,27068,1696
US,22,2020-04-28,27286,1756
US,22,2020-04-29,27659,1801
US,22,2020-04-30,27998,1862
US,22,2020-05-01,28704,1926
US,22,2020-05-02,29138,1949
US,22,2020-05-03,29338,1968
US,22,2020-05-04,29671,1989
US,22,2020-05-05,29995,2040
US,22,2020-05-06,30397,2093
US,22,2020-05-07,30650,2135
US,22,2020-05-08,30854,2153
US,22,2020-05-09,31412,2193
US,22,2020-05-10,31598,2211
US,22,2020-05-11,31815,2242
US,23,2020-03-12,1,0
US,23,2020-03-13,4,0
US,23,2020-03-14,4,0
US,23,2020-03-15,4,0
US,23,2020-03-16,16,0
US,23,2020-03-17,31,0
US,23,2020-03-18,42,0
US,23,2020-03-19,51,0
US,23,2020-03-20,56,0
US,23,2020-03-21,70,0
US,23,2020-03-22,89,0
US,23,2020-03-23,107,0
US,23,2020-03-24,118,0
US,23,2020-03-25,142,0
US,23,2020-03-26,156,0
US,23,2020-03-27,168,1
US,23,2020-03-28,211,1
US,23,2020-03-29,253,3
US,23,2020-03-30,275,3
US,23,2020-03-31,275,5
US,23,2020-04-01,344,7
US,23,2020-04-02,376,7
US,23,2020-04-03,432,9
US,23,2020-04-04,456,10
US,23,2020-04-05,470,10
US,23,2020-04-06,499,10
US,23,2020-04-07,519,12
US,23,2020-04-08,537,14
US,23,2020-04-09,560,16
US,23,2020-04-10,585,17
US,23,2020-04-11,615,19
US,23,2020-04-12,632,19
US,23,2020-04-13,696,19
US,23,2020-04-14,733,20
US,23,2020-04-15,770,23
US,23,2020-04-16,794,26
US,23,2020-04-17,827,29
US,23,2020-04-18,847,32
US,23,2020-04-19,867,34
US,23,2020-04-20,875,35
US,23,2020-04-21,888,36
US,23,2020-04-22,907,39
US,23,2020-04-23,937,44
US,23,2020-04-24,965,47
US,23,2020-04-25,990,50
US,23,2020-04-26,1015,50
US,23,2020-04-27,1023,51
US,23,2020-04-28,1039,51
US,23,2020-04-29,1055,52
US,23,2020-04-30,1095,53
US,23,2020-05-01,1122,55
US,23,2020-05-02,1152,56
US,23,2020-05-03,1185,57
US,23,2020-05-04,1205,57
US,23,2020-05-05,1226,61
US,23,2020-05-06,1254,62
US,23,2020-05-07,1330,62
US,23,2020-05-08,1374,63
US,23,2020-05-09,1408,64
US,23,2020-05-10,1436,64
US,23,2020-05-11,1462,65
US,24,2020-03-06,3,0
US,24,2020-03-07,3,0
US,24,2020-03-08,5,0
US,24,2020-03-09,8,0
US,24,2020-03-10,9,0
US,24,2020-03-11,12,0
US,24,2020-03-12,12,0
US,24,2020-03-13,17,0
US,24,2020-03-14,31,0
US,24,2020-03-15,31,0
US,24,2020-03-16,37,0
US,24,2020-03-17,57,0
US,24,2020-03-18,85,1
US,24,2020-03-19,107,1
US,24,2020-03-20,190,2
US,24,2020-03-21,190,3
US,24,2020-03-22,244,3
US,24,2020-03-23,288,3
US,24,2020-03-24,349,4
US,24,2020-03-25,423,4
US,24,2020-03-26,580,4
US,24,2020-03-27,773,5
US,24,2020-03-28,995,10
US,24,2020-03-29,1242,15
US,24,2020-03-30,1412,15
US,24,2020-03-31,1660,17
US,24,2020-04-01,1985,30
US,24,2020-04-02,2331,35
US,24,2020-04-03,2758,41
US,24,2020-04-04,3125,53
US,24,2020-04-05,3609,67
US,24,2020-04-06,4045,91
US,24,2020-04-07,4371,103
US,24,2020-04-08,5529,124
US,24,2020-04-09,6185,138
US,24,2020-04-10,6968,171
US,24,2020-04-11,7694,206
US,24,2020-04-12,8225,235
US,24,2020-04-13,8935,235
US,24,2020-04-14,9472,292
US,24,2020-04-15,10031,331
US,24,2020-04-16,10784,392
US,24,2020-04-17,11572,347
US,24,2020-04-18,12307,371
US,24,2020-04-19,12829,421
US,24,2020-04-20,13678,446
US,24,2020-04-21,14193,489
US,24,2020-04-22,14775,544
US,24,2020-04-23,15735,592
US,24,2020-04-24,16616,592
US,24,2020-04-25,17766,695
US,24,2020-04-26,18581,708
US,24,2020-04-27,19487,800
US,24,2020-04-28,20109,849
US,24,2020-04-29,20846,924
US,24,2020-04-30,21742,985
US,24,2020-05-01,23465,1008
US,24,2020-05-02,24473,1092
US,24,2020-05-03,25462,1136
US,24,2020-05-04,26389,1162
US,24,2020-05-05,27116,1223
US,24,2020-05-06,28163,1277
US,24,2020-05-07,29373,1327
US,24,2020-05-08,30459,1377
US,24,2020-05-09,31534,1429
US,24,2020-05-10,32587,1468
US,24,2020-05-11,33373,1490
US,25,2020-02-01,1,0
US,25,2020-02-02,1,0
US,25,2020-02-03,1,0
US,25,2020-02-04,1,0
US,25,2020-02-05,1,0
US,25,2020-02-06,1,0
US,25,2020-02-07,1,0
US,25,2020-02-08,1,0
US,25,2020-02-09,1,0
US,25,2020-02-10,1,0
US,25,2020-02-11,1,0
US,25,2020-02-12,1,0
US,25,2020-02-13,1,0
US,25,2020-02-14,1,0
US,25,2020-02-15,1,0
US,25,2020-02-16,1,0
US,25,2020-02-17,1,0
US,25,2020-02-18,1,0
US,25,2020-02-19,1,0
US,25,2020-02-20,1,0
US,25,2020-02-21,1,0
US,25,2020-02-22,1,0
US,25,2020-02-23,1,0
US,25,2020-02-24,1,0
US,25,2020-02-25,1,0
US,25,2020-02-26,1,0
US,25,2020-02-27,1,0
US,25,2020-02-28,1,0
US,25,2020-02-29,1,0
US,25,2020-03-01,1,0
US,25,2020-03-02,1,0
US,25,2020-03-03,2,0
US,25,2020-03-04,2,0
US,25,2020-03-05,2,0
US,25,2020-03-06,6,0
US,25,2020-03-07,6,0
US,25,2020-03-08,22,0
US,25,2020-03-09,41,0
US,25,2020-03-10,92,0
US,25,2020-03-11,95,0
US,25,2020-03-12,109,0
US,25,2020-03-13,125,0
US,25,2020-03-14,139,0
US,25,2020-03-15,163,0
US,25,2020-03-16,197,0
US,25,2020-03-17,218,0
US,25,2020-03-18,256,0
US,25,2020-03-19,328,0
US,25,2020-03-20,416,1
US,25,2020-03-21,524,2
US,25,2020-03-22,645,5
US,25,2020-03-23,776,9
US,25,2020-03-24,1157,11
US,25,2020-03-25,1835,15
US,25,2020-03-26,2414,25
US,25,2020-03-27,3240,35
US,25,2020-03-28,4257,44
US,25,2020-03-29,4851,48
US,25,2020-03-30,5752,56
US,25,2020-03-31,6620,89
US,25,2020-04-01,7738,122
US,25,2020-04-02,8966,154
US,25,2020-04-03,10402,192
US,25,2020-04-04,11736,216
US,25,2020-04-05,12500,231
US,25,2020-04-06,13837,260
US,25,2020-04-07,15200,356
US,25,2020-04-08,16790,433
US,25,2020-04-09,18941,503
US,25,2020-04-10,20973,599
US,25,2020-04-11,22859,686
US,25,2020-04-12,25474,756
US,25,2020-04-13,26866,844
US,25,2020-04-14,28163,957
US,25,2020-04-15,29918,1108
US,25,2020-04-16,32181,1245
US,25,2020-04-17,34402,1404
US,25,2020-04-18,36372,1560
US,25,2020-04-19,38077,1705
US,25,2020-04-20,39643,1809
US,25,2020-04-21,41199,1961
US,25,2020-04-22,42944,2182
US,25,2020-04-23,46023,2360
US,25,2020-04-24,50969,2556
US,25,2020-04-25,53348,2730
US,25,2020-04-26,54823,2899
US,25,2020-04-27,56462,3003
US,25,2020-04-28,58302,3152
US,25,2020-04-29,60252,3405
US,25,2020-04-30,62177,3562
US,25,2020-05-01,64311,3716
US,25,2020-05-02,66263,3846
US,25,2020-05-03,68087,4004
US,25,2020-05-04,69087,4090
US,25,2020-05-05,70271,4212
US,25,2020-05-06,72024,4420
US,25,2020-05-07,73721,4552
US,25,2020-05-08,75333,4702
US,25,2020-05-09,76743,4840
US,25,2020-05-10,77793,4979
US,25,2020-05-11,78462,5108
US,26,2020-03-10,2,0
US,26,2020-03-11,2,0
US,26,2020-03-12,12,0
US,26,2020-03-13,25,0
US,26,2020-03-14,33,0
US,26,2020-03-15,55,0
US,26,2020-03-16,54,0
US,26,2020-03-17,65,0
US,26,2020-03-18,80,1
US,26,2020-03-19,334,1
US,26,2020-03-20,549,3
US,26,2020-03-21,787,5
US,26,2020-03-22,1035,6
US,26,2020-03-23,1328,14
US,26,2020-03-24,1790,23
US,26,2020-03-25,2294,41
US,26,2020-03-26,2855,57
US,26,2020-03-27,3656,86
US,26,2020-03-28,4650,104
US,26,2020-03-29,5465,127
US,26,2020-03-30,6495,184
US,26,2020-03-31,7613,259
US,26,2020-04-01,9331,337
US,26,2020-04-02,10789,417
US,26,2020-04-03,12739,479
US,26,2020-04-04,14222,540
US,26,2020-04-05,15713,616
US,26,2020-04-06,17218,727
US,26,2020-04-07,18969,845
US,26,2020-04-08,20345,959
US,26,2020-04-09,21503,1076
US,26,2020-04-10,22781,1280
US,26,2020-04-11,23993,1391
US,26,2020-04-12,24638,1487
US,26,2020-04-13,25633,1487
US,26,2020-04-14,27001,1768
US,26,2020-04-15,28057,1921
US,26,2020-04-16,29260,2093
US,26,2020-04-17,30020,2227
US,26,2020-04-18,30789,2308
US,26,2020-04-19,31418,2390
US,26,2020-04-20,31993,2467
US,26,2020-04-21,32964,2702
US,26,2020-04-22,33961,2815
US,26,2020-04-23,35288,2979
US,26,2020-04-24,36634,3087
US,26,2020-04-25,37199,3276
US,26,2020-04-26,37760,3318
US,26,2020-04-27,38210,3409
US,26,2020-04-28,39260,3570
US,26,2020-04-29,40391,3673
US,26,2020-04-30,41367,3792
US,26,2020-05-01,42333,3869
US,26,2020-05-02,43187,4022
US,26,2020-05-03,43703,4051
US,26,2020-05-04,43947,4136
US,26,2020-05-05,44396,4180
US,26,2020-05-06,45052,4251
US,26,2020-05-07,45641,4344
US,26,2020-05-08,46322,4395
US,26,2020-05-09,46754,4527
US,26,2020-05-10,47138,4552
US,26,2020-05-11,47552,4585
US,27,2020-03-06,1,0
US,27,2020-03-07,1,0
US,27,2020-03-08,1,0
US,27,2020-03-09,1,0
US,27,2020-03-10,2,0
US,27,2020-03-11,3,0
US,27,2020-03-12,12,0
US,27,2020-03-13,18,0
US,27,2020-03-14,21,0
US,27,2020-03-15,35,0
US,27,2020-03-16,54,0
US,27,2020-03-17,60,0
US,27,2020-03-18,77,0
US,27,2020-03-19,89,0
US,27,2020-03-20,115,1
US,27,2020-03-21,137,1
US,27,2020-03-22,169,1
US,27,2020-03-23,235,1
US,27,2020-03-24,261,1
US,27,2020-03-25,286,1
US,27,2020-03-26,344,2
US,27,2020-03-27,396,3
US,27,2020-03-28,441,5
US,27,2020-03-29,503,9
US,27,2020-03-30,576,10
US,27,2020-03-31,629,10
US,27,2020-04-01,687,17
US,27,2020-04-02,742,18
US,27,2020-04-03,788,22
US,27,2020-04-04,863,24
US,27,2020-04-05,928,29
US,27,2020-04-06,980,30
US,27,2020-04-07,1069,34
US,27,2020-04-08,1155,39
US,27,2020-04-09,1245,50
US,27,2020-04-10,1245,57
US,27,2020-04-11,1427,64
US,27,2020-04-12,1618,70
US,27,2020-04-13,1647,70
US,27,2020-04-14,1693,78
US,27,2020-04-15,1805,86
US,27,2020-04-16,1909,94
US,27,2020-04-17,2068,111
US,27,2020-04-18,2207,121
US,27,2020-04-19,2347,134
US,27,2020-04-20,2463,143
US,27,2020-04-21,2523,160
US,27,2020-04-22,2618,179
US,27,2020-04-23,2781,200
US,27,2020-04-24,2953,221
US,27,2020-04-25,3127,244
US,27,2020-04-26,3237,272
US,27,2020-04-27,3369,286
US,27,2020-04-28,3625,301
US,27,2020-04-29,4636,319
US,27,2020-04-30,5126,343
US,27,2020-05-01,5711,370
US,27,2020-05-02,6208,394
US,27,2020-05-03,6640,418
US,27,2020-05-04,7212,427
US,27,2020-05-05,7851,455
US,27,2020-05-06,8578,485
US,27,2020-05-07,9365,508
US,27,2020-05-08,10087,534
US,27,2020-05-09,10789,558
US,27,2020-05-10,11269,578
US,27,2020-05-11,11799,591
US,28,2020-03-12,1,0
US,28,2020-03-13,6,0
US,28,2020-03-14,10,0
US,28,2020-03-15,10,0
US,28,2020-03-16,12,0
US,28,2020-03-17,21,0
US,28,2020-03-18,34,0
US,28,2020-03-19,50,1
US,28,2020-03-20,80,1
US,28,2020-03-21,140,1
US,28,2020-03-22,208,2
US,28,2020-03-23,249,2
US,28,2020-03-24,314,1
US,28,2020-03-25,376,5
US,28,2020-03-26,484,6
US,28,2020-03-27,484,6
US,28,2020-03-28,484,6
US,28,2020-03-29,756,14
US,28,2020-03-30,845,15
US,28,2020-03-31,935,18
US,28,2020-04-01,1064,21
US,28,2020-04-02,1178,25
US,28,2020-04-03,1460,29
US,28,2020-04-04,1566,35
US,28,2020-04-05,1748,43
US,28,2020-04-06,1848,51
US,28,2020-04-07,1915,59
US,28,2020-04-08,2003,66
US,28,2020-04-09,2258,75
US,28,2020-04-10,2465,81
US,28,2020-04-11,2642,92
US,28,2020-04-12,2781,95
US,28,2020-04-13,2940,95
US,28,2020-04-14,3087,110
US,28,2020-04-15,3360,121
US,28,2020-04-16,3620,128
US,28,2020-04-17,3789,139
US,28,2020-04-18,3972,151
US,28,2020-04-19,4273,158
US,28,2020-04-20,4508,169
US,28,2020-04-21,4711,183
US,28,2020-04-22,4893,193
US,28,2020-04-23,5150,201
US,28,2020-04-24,5429,209
US,28,2020-04-25,5710,220
US,28,2020-04-26,5906,226
US,28,2020-04-27,6090,229
US,28,2020-04-28,6340,239
US,28,2020-04-29,6561,249
US,28,2020-04-30,6814,260
US,28,2020-05-01,7209,280
US,28,2020-05-02,7438,291
US,28,2020-05-03,7550,303
US,28,2020-05-04,7876,310
US,28,2020-05-05,8186,342
US,28,2020-05-06,8416,374
US,28,2020-05-07,8681,396
US,28,2020-05-08,9089,408
US,28,2020-05-09,9367,420
US,28,2020-05-10,9499,430
US,28,2020-05-11,9674,435
US,29,2020-03-08,1,0
US,29,2020-03-09,1,0
US,29,2020-03-10,1,0
US,29,2020-03-11,1,0
US,29,2020-03-12,2,0
US,29,2020-03-13,4,0
US,29,2020-03-14,5,0
US,29,2020-03-15,6,0
US,29,2020-03-16,8,0
US,29,2020-03-17,8,0
US,29,2020-03-18,22,1
US,29,2020-03-19,26,1
US,29,2020-03-20,72,3
US,29,2020-03-21,90,3
US,29,2020-03-22,106,3
US,29,2020-03-23,183,3
US,29,2020-03-24,255,5
US,29,2020-03-25,352,8
US,29,2020-03-26,502,8
US,29,2020-03-27,663,9
US,29,2020-03-28,829,10
US,29,2020-03-29,888,12
US,29,2020-03-30,1032,13
US,29,2020-03-31,1336,14
US,29,2020-04-01,1591,18
US,29,2020-04-02,1833,19
US,29,2020-04-03,2111,19
US,29,2020-04-04,2285,23
US,29,2020-04-05,2369,33
US,29,2020-04-06,2723,38
US,29,2020-04-07,3037,53
US,29,2020-04-08,3327,58
US,29,2020-04-09,3539,79
US,29,2020-04-10,3789,98
US,29,2020-04-11,4024,110
US,29,2020-04-12,4159,111
US,29,2020-04-13,4385,111
US,29,2020-04-14,4683,135
US,29,2020-04-15,4893,149
US,29,2020-04-16,5108,154
US,29,2020-04-17,5274,167
US,29,2020-04-18,5509,177
US,29,2020-04-19,5653,178
US,29,2020-04-20,5799,179
US,29,2020-04-21,5937,191
US,29,2020-04-22,6131,209
US,29,2020-04-23,6312,220
US,29,2020-04-24,6614,264
US,29,2020-04-25,6794,275
US,29,2020-04-26,6961,276
US,29,2020-04-27,7137,290
US,29,2020-04-28,7275,316
US,29,2020-04-29,7399,320
US,29,2020-04-30,7530,331
US,29,2020-05-01,7799,339
US,29,2020-05-02,8110,353
US,29,2020-05-03,8344,354
US,29,2020-05-04,8710,360
US,29,2020-05-05,8880,378
US,29,2020-05-06,9059,398
US,29,2020-05-07,9293,419
US,29,2020-05-08,9435,451
US,29,2020-05-09,9617,474
US,29,2020-05-10,9795,484
US,29,2020-05-11,9870,489
US,30,2020-03-13,4,0
US,30,2020-03-14,6,0
US,30,2020-03-15,6,0
US,30,2020-03-16,8,0
US,30,2020-03-17,9,0
US,30,2020-03-18,12,0
US,30,2020-03-19,15,0
US,30,2020-03-20,19,0
US,30,2020-03-21,27,0
US,30,2020-03-22,34,0
US,30,2020-03-23,45,0
US,30,2020-03-24,51,0
US,30,2020-03-25,65,0
US,30,2020-03-26,89,0
US,30,2020-03-27,120,1
US,30,2020-03-28,147,2
US,30,2020-03-29,161,2
US,30,2020-03-30,177,4
US,30,2020-03-31,198,4
US,30,2020-04-01,217,4
US,30,2020-04-02,241,5
US,30,2020-04-03,262,5
US,30,2020-04-04,281,5
US,30,2020-04-05,296,5
US,30,2020-04-06,318,5
US,30,2020-04-07,318,6
US,30,2020-04-08,331,6
US,30,2020-04-09,331,6
US,30,2020-04-10,331,6
US,30,2020-04-11,331,6
US,30,2020-04-12,331,6
US,30,2020-04-13,331,6
US,30,2020-04-14,331,6
US,30,2020-04-15,331,6
US,30,2020-04-16,416,9
US,30,2020-04-17,425,10
US,30,2020-04-18,429,12
US,30,2020-04-19,436,12
US,30,2020-04-20,436,12
US,30,2020-04-21,440,14
US,30,2020-04-22,442,16
US,30,2020-04-23,445,16
US,30,2020-04-24,447,16
US,30,2020-04-25,448,16
US,30,2020-04-26,451,16
US,30,2020-04-27,452,16
US,30,2020-04-28,454,17
US,30,2020-04-29,454,18
US,30,2020-04-30,456,18
US,30,2020-05-01,456,18
US,30,2020-05-02,458,18
US,30,2020-05-03,458,18
US,30,2020-05-04,460,18
US,30,2020-05-05,460,18
US,30,2020-05-06,460,18
US,30,2020-05-07,460,18
US,30,2020-05-08,462,18
US,30,2020-05-09,463,18
US,30,2020-05-10,463,18
US,30,2020-05-11,464,18
US,31,2020-03-06,1,0
US,31,2020-03-07,1,0
US,31,2020-03-08,1,0
US,31,2020-03-09,4,0
US,31,2020-03-10,5,0
US,31,2020-03-11,10,0
US,31,2020-03-12,11,0
US,31,2020-03-13,13,0
US,31,2020-03-14,18,0
US,31,2020-03-15,18,0
US,31,2020-03-16,18,0
US,31,2020-03-17,24,0
US,31,2020-03-18,30,0
US,31,2020-03-19,31,0
US,31,2020-03-20,36,0
US,31,2020-03-21,45,0
US,31,2020-03-22,49,0
US,31,2020-03-23,52,0
US,31,2020-03-24,55,0
US,31,2020-03-25,62,0
US,31,2020-03-26,76,0
US,31,2020-03-27,83,2
US,31,2020-03-28,108,2
US,31,2020-03-29,129,2
US,31,2020-03-30,153,3
US,31,2020-03-31,177,4
US,31,2020-04-01,214,5
US,31,2020-04-02,254,6
US,31,2020-04-03,284,6
US,31,2020-04-04,318,6
US,31,2020-04-05,354,6
US,31,2020-04-06,402,6
US,31,2020-04-07,478,6
US,31,2020-04-08,523,14
US,31,2020-04-09,577,14
US,31,2020-04-10,647,14
US,31,2020-04-11,704,14
US,31,2020-04-12,758,14
US,31,2020-04-13,833,14
US,31,2020-04-14,875,14
US,31,2020-04-15,917,14
US,31,2020-04-16,961,14
US,31,2020-04-17,1004,14
US,31,2020-04-18,1164,14
US,31,2020-04-19,1201,14
US,31,2020-04-20,1294,14
US,31,2020-04-21,1437,14
US,31,2020-04-22,1677,14
US,31,2020-04-23,1896,14
US,31,2020-04-24,2111,14
US,31,2020-04-25,2395,14
US,31,2020-04-26,2518,14
US,31,2020-04-27,2881,14
US,31,2020-04-28,3281,14
US,31,2020-04-29,3761,72
US,31,2020-04-30,4233,74
US,31,2020-05-01,4782,77
US,31,2020-05-02,5261,80
US,31,2020-05-03,5598,81
US,31,2020-05-04,5989,81
US,31,2020-05-05,6336,84
US,31,2020-05-06,6668,88
US,31,2020-05-07,7068,93
US,31,2020-05-08,7696,94
US,31,2020-05-09,8093,98
US,31,2020-05-10,8173,103
US,31,2020-05-11,8409,105
US,32,2020-03-05,1,0
US,32,2020-03-06,2,0
US,32,2020-03-07,2,0
US,32,2020-03-08,4,0
US,32,2020-03-09,4,0
US,32,2020-03-10,7,0
US,32,2020-03-11,7,0
US,32,2020-03-12,11,0
US,32,2020-03-13,20,0
US,32,2020-03-14,21,0
US,32,2020-03-15,26,0
US,32,2020-03-16,45,1
US,32,2020-03-17,55,1
US,32,2020-03-18,55,1
US,32,2020-03-19,91,1
US,32,2020-03-20,153,2
US,32,2020-03-21,158,2
US,32,2020-03-22,194,2
US,32,2020-03-23,249,4
US,32,2020-03-24,281,6
US,32,2020-03-25,408,10
US,32,2020-03-26,536,10
US,32,2020-03-27,520,10
US,32,2020-03-28,637,14
US,32,2020-03-29,926,15
US,32,2020-03-30,1009,18
US,32,2020-03-31,1113,26
US,32,2020-04-01,1279,32
US,32,2020-04-02,1458,38
US,32,2020-04-03,1551,43
US,32,2020-04-04,1752,46
US,32,2020-04-05,1836,46
US,32,2020-04-06,1953,58
US,32,2020-04-07,2098,59
US,32,2020-04-08,2318,80
US,32,2020-04-09,2456,85
US,32,2020-04-10,2624,102
US,32,2020-04-11,2624,102
US,32,2020-04-12,2624,102
US,32,2020-04-13,2624,102
US,32,2020-04-14,2624,102
US,32,2020-04-15,2624,102
US,32,2020-04-16,3324,154
US,32,2020-04-17,3461,158
US,32,2020-04-18,3629,168
US,32,2020-04-19,3727,174
US,32,2020-04-20,3815,175
US,32,2020-04-21,3945,179
US,32,2020-04-22,4092,190
US,32,2020-04-23,4225,206
US,32,2020-04-24,4373,214
US,32,2020-04-25,4547,216
US,32,2020-04-26,4642,222
US,32,2020-04-27,4726,223
US,32,2020-04-28,4802,235
US,32,2020-04-29,4951,247
US,32,2020-04-30,5040,253
US,32,2020-05-01,5075,253
US,32,2020-05-02,5407,269
US,32,2020-05-03,5490,273
US,32,2020-05-04,5490,273
US,32,2020-05-05,5640,278
US,32,2020-05-06,5754,297
US,32,2020-05-07,5718,305
US,32,2020-05-08,5721,313
US,32,2020-05-09,6069,318
US,32,2020-05-10,6135,322
US,32,2020-05-11,6158,322
US,33,2020-03-02,1,0
US,33,2020-03-03,2,0
US,33,2020-03-04,2,0
US,33,2020-03-05,2,0
US,33,2020-03-06,2,0
US,33,2020-03-07,2,0
US,33,2020-03-08,4,0
US,33,2020-03-09,4,0
US,33,2020-03-10,5,0
US,33,2020-03-11,5,0
US,33,2020-03-12,6,0
US,33,2020-03-13,6,0
US,33,2020-03-14,7,0
US,33,2020-03-15,13,0
US,33,2020-03-16,17,0
US,33,2020-03-17,26,0
US,33,2020-03-18,39,0
US,33,2020-03-19,44,0
US,33,2020-03-20,55,0
US,33,2020-03-21,65,0
US,33,2020-03-22,78,0
US,33,2020-03-23,102,1
US,33,2020-03-24,108,1
US,33,2020-03-25,137,1
US,33,2020-03-26,157,1
US,33,2020-03-27,187,3
US,33,2020-03-28,214,3
US,33,2020-03-29,268,3
US,33,2020-03-30,313,3
US,33,2020-03-31,367,3
US,33,2020-04-01,367,4
US,33,2020-04-02,479,5
US,33,2020-04-03,540,7
US,33,2020-04-04,620,9
US,33,2020-04-05,669,9
US,33,2020-04-06,715,9
US,33,2020-04-07,747,13
US,33,2020-04-08,788,18
US,33,2020-04-09,819,21
US,33,2020-04-10,885,22
US,33,2020-04-11,928,23
US,33,2020-04-12,985,23
US,33,2020-04-13,1019,23
US,33,2020-04-14,1091,27
US,33,2020-04-15,1139,32
US,33,2020-04-16,1211,34
US,33,2020-04-17,1285,37
US,33,2020-04-18,1342,38
US,33,2020-04-19,1392,41
US,33,2020-04-20,1447,42
US,33,2020-04-21,1491,42
US,33,2020-04-22,1588,48
US,33,2020-04-23,1670,51
US,33,2020-04-24,1719,53
US,33,2020-04-25,1790,60
US,33,2020-04-26,1864,60
US,33,2020-04-27,1936,60
US,33,2020-04-28,2009,60
US,33,2020-04-29,2054,66
US,33,2020-04-30,2146,72
US,33,2020-05-01,2310,81
US,33,2020-05-02,2429,84
US,33,2020-05-03,2518,86
US,33,2020-05-04,2588,86
US,33,2020-05-05,2636,92
US,33,2020-05-06,2741,111
US,33,2020-05-07,2843,114
US,33,2020-05-08,2946,121
US,33,2020-05-09,3011,131
US,33,2020-05-10,3071,133
US,33,2020-05-11,3160,133
US,34,2020-03-05,2,0
US,34,2020-03-06,2,0
US,34,2020-03-07,4,0
US,34,2020-03-08,5,0
US,34,2020-03-09,15,1
US,34,2020-03-10,23,1
US,34,2020-03-11,23,1
US,34,2020-03-12,29,1
US,34,2020-03-13,56,1
US,34,2020-03-14,72,1
US,34,2020-03-15,98,2
US,34,2020-03-16,176,3
US,34,2020-03-17,267,3
US,34,2020-03-18,417,5
US,34,2020-03-19,742,9
US,34,2020-03-20,890,11
US,34,2020-03-21,1327,16
US,34,2020-03-22,1914,24
US,34,2020-03-23,2851,27
US,34,2020-03-24,3675,44
US,34,2020-03-25,4402,62
US,34,2020-03-26,6331,80
US,34,2020-03-27,8825,108
US,34,2020-03-28,10836,140
US,34,2020-03-29,13386,161
US,34,2020-03-30,16636,198
US,34,2020-03-31,18696,265
US,34,2020-04-01,22255,355
US,34,2020-04-02,25590,537
US,34,2020-04-03,29895,646
US,34,2020-04-04,34997,837
US,34,2020-04-05,37505,917
US,34,2020-04-06,41091,1002
US,34,2020-04-07,44416,1232
US,34,2020-04-08,47437,1504
US,34,2020-04-09,51393,1692
US,34,2020-04-10,54588,1932
US,34,2020-04-11,58151,2183
US,34,2020-04-12,61850,2350
US,34,2020-04-13,64655,2350
US,34,2020-04-14,68396,2805
US,34,2020-04-15,71030,3156
US,34,2020-04-16,75317,3518
US,34,2020-04-17,78796,3840
US,34,2020-04-18,81720,4071
US,34,2020-04-19,85301,4205
US,34,2020-04-20,88722,4379
US,34,2020-04-21,92373,4756
US,34,2020-04-22,95411,4756
US,34,2020-04-23,99989,4756
US,34,2020-04-24,102772,5620
US,34,2020-04-25,106074,5866
US,34,2020-04-26,109465,5941
US,34,2020-04-27,111478,6047
US,34,2020-04-28,114246,6444
US,34,2020-04-29,116755,6773
US,34,2020-04-30,119282,7231
US,34,2020-05-01,121190,7538
US,34,2020-05-02,123717,7742
US,34,2020-05-03,126744,7870
US,34,2020-05-04,128269,7910
US,34,2020-05-05,130593,8244
US,34,2020-05-06,131846,8549
US,34,2020-05-07,133635,8801
US,34,2020-05-08,135454,8952
US,34,2020-05-09,137085,9115
US,34,2020-05-10,138532,9255
US,34,2020-05-11,139945,9310
US,35,2020-03-11,3,0
US,35,2020-03-12,5,0
US,35,2020-03-13,10,0
US,35,2020-03-14,13,0
US,35,2020-03-15,13,0
US,35,2020-03-16,21,0
US,35,2020-03-17,23,0
US,35,2020-03-18,28,0
US,35,2020-03-19,35,0
US,35,2020-03-20,43,0
US,35,2020-03-21,57,0
US,35,2020-03-22,65,0
US,35,2020-03-23,82,0
US,35,2020-03-24,95,0
US,35,2020-03-25,112,0
US,35,2020-03-26,136,1
US,35,2020-03-27,194,1
US,35,2020-03-28,208,2
US,35,2020-03-29,234,2
US,35,2020-03-30,281,2
US,35,2020-03-31,315,5
US,35,2020-04-01,362,6
US,35,2020-04-02,403,7
US,35,2020-04-03,494,10
US,35,2020-04-04,545,11
US,35,2020-04-05,626,12
US,35,2020-04-06,688,12
US,35,2020-04-07,796,13
US,35,2020-04-08,865,16
US,35,2020-04-09,989,17
US,35,2020-04-10,1090,19
US,35,2020-04-11,1174,20
US,35,2020-04-12,1245,26
US,35,2020-04-13,1345,26
US,35,2020-04-14,1345,31
US,35,2020-04-15,1345,31
US,35,2020-04-16,1597,44
US,35,2020-04-17,1711,51
US,35,2020-04-18,1798,53
US,35,2020-04-19,1845,55
US,35,2020-04-20,1971,58
US,35,2020-04-21,1971,58
US,35,2020-04-22,2210,71
US,35,2020-04-23,2376,78
US,35,2020-04-24,2521,84
US,35,2020-04-25,2660,93
US,35,2020-04-26,2724,99
US,35,2020-04-27,2823,99
US,35,2020-04-28,2974,105
US,35,2020-04-29,3213,112
US,35,2020-04-30,3411,123
US,35,2020-05-01,3513,131
US,35,2020-05-02,3732,138
US,35,2020-05-03,3849,150
US,35,2020-05-04,4029,150
US,35,2020-05-05,4136,162
US,35,2020-05-06,4287,169
US,35,2020-05-07,4490,172
US,35,2020-05-08,4660,181
US,35,2020-05-09,4759,191
US,35,2020-05-10,4844,200
US,35,2020-05-11,5039,208
US,36,2020-03-02,1,0
US,36,2020-03-03,2,0
US,36,2020-03-04,11,0
US,36,2020-03-05,23,0
US,36,2020-03-06,25,0
US,36,2020-03-07,77,0
US,36,2020-03-08,107,0
US,36,2020-03-09,145,0
US,36,2020-03-10,173,0
US,36,2020-03-11,207,0
US,36,2020-03-12,325,0
US,36,2020-03-13,421,0
US,36,2020-03-14,527,2
US,36,2020-03-15,729,6
US,36,2020-03-16,950,12
US,36,2020-03-17,1544,17
US,36,2020-03-18,3052,21
US,36,2020-03-19,5637,39
US,36,2020-03-20,7848,34
US,36,2020-03-21,12208,57
US,36,2020-03-22,15832,116
US,36,2020-03-23,20911,156
US,36,2020-03-24,25578,236
US,36,2020-03-25,32968,342
US,36,2020-03-26,38976,440
US,36,2020-03-27,44813,545
US,36,2020-03-28,53303,787
US,36,2020-03-29,59240,964
US,36,2020-03-30,67194,1211
US,36,2020-03-31,74447,1544
US,36,2020-04-01,82133,1939
US,36,2020-04-02,90390,2371
US,36,2020-04-03,103652,2934
US,36,2020-04-04,113892,3433
US,36,2020-04-05,122178,4159
US,36,2020-04-06,130830,4758
US,36,2020-04-07,138988,5545
US,36,2020-04-08,149476,6268
US,36,2020-04-09,159937,7024
US,36,2020-04-10,170512,8083
US,36,2020-04-11,180533,8626
US,36,2020-04-12,188694,9384
US,36,2020-04-13,195031,10055
US,36,2020-04-14,202208,14619
US,36,2020-04-15,213779,15495
US,36,2020-04-16,222284,16105
US,36,2020-04-17,229642,16500
US,36,2020-04-18,236732,16455
US,36,2020-04-19,242786,18297
US,36,2020-04-20,247512,18928
US,36,2020-04-21,251959,19692
US,36,2020-04-22,257607,20352
US,36,2020-04-23,263529,20859
US,36,2020-04-24,271659,21260
US,36,2020-04-25,282212,21898
US,36,2020-04-26,288114,22179
US,36,2020-04-27,292065,22531
US,36,2020-04-28,295175,23033
US,36,2020-04-29,299760,23317
US,36,2020-04-30,304441,23616
US,36,2020-05-01,308383,23841
US,36,2020-05-02,313046,24035
US,36,2020-05-03,316484,24576
US,36,2020-05-04,319022,24788
US,36,2020-05-05,321261,25028
US,36,2020-05-06,324047,25956
US,36,2020-05-07,327538,26206
US,36,2020-05-08,330476,26358
US,36,2020-05-09,333191,26599
US,36,2020-05-10,335464,26656
US,36,2020-05-11,337124,26768
US,37,2020-03-03,1,0
US,37,2020-03-04,1,0
US,37,2020-03-05,1,0
US,37,2020-03-06,2,0
US,37,2020-03-07,2,0
US,37,2020-03-08,2,0
US,37,2020-03-09,7,0
US,37,2020-03-10,8,0
US,37,2020-03-11,17,0
US,37,2020-03-12,16,0
US,37,2020-03-13,17,0
US,37,2020-03-14,32,0
US,37,2020-03-15,33,0
US,37,2020-03-16,40,0
US,37,2020-03-17,40,0
US,37,2020-03-18,63,0
US,37,2020-03-19,137,0
US,37,2020-03-20,137,0
US,37,2020-03-21,184,0
US,37,2020-03-22,255,0
US,37,2020-03-23,290,0
US,37,2020-03-24,392,0
US,37,2020-03-25,495,1
US,37,2020-03-26,622,1
US,37,2020-03-27,763,3
US,37,2020-03-28,929,4
US,37,2020-03-29,1163,4
US,37,2020-03-30,1302,6
US,37,2020-03-31,1491,8
US,37,2020-04-01,1580,10
US,37,2020-04-02,1855,16
US,37,2020-04-03,2093,19
US,37,2020-04-04,2402,24
US,37,2020-04-05,2585,31
US,37,2020-04-06,2870,33
US,37,2020-04-07,3221,46
US,37,2020-04-08,3426,53
US,37,2020-04-09,3654,65
US,37,2020-04-10,3909,74
US,37,2020-04-11,4311,80
US,37,2020-04-12,4524,81
US,37,2020-04-13,4808,81
US,37,2020-04-14,5023,108
US,37,2020-04-15,5099,116
US,37,2020-04-16,5374,131
US,37,2020-04-17,5853,152
US,37,2020-04-18,6119,164
US,37,2020-04-19,6443,171
US,37,2020-04-20,6680,179
US,37,2020-04-21,6843,212
US,37,2020-04-22,7073,241
US,37,2020-04-23,7379,253
US,37,2020-04-24,7782,269
US,37,2020-04-25,8232,289
US,37,2020-04-26,8480,299
US,37,2020-04-27,8678,306
US,37,2020-04-28,9177,341
US,37,2020-04-29,9515,354
US,37,2020-04-30,10015,378
US,37,2020-05-01,10920,399
US,37,2020-05-02,11504,420
US,37,2020-05-03,11665,422
US,37,2020-05-04,11844,430
US,37,2020-05-05,12254,452
US,37,2020-05-06,12755,477
US,37,2020-05-07,13391,507
US,37,2020-05-08,13867,527
US,37,2020-05-09,14360,544
US,37,2020-05-10,14762,547
US,37,2020-05-11,15048,550
US,38,2020-03-12,1,0
US,38,2020-03-13,1,0
US,38,2020-03-14,1,0
US,38,2020-03-15,1,0
US,38,2020-03-16,1,0
US,38,2020-03-17,5,0
US,38,2020-03-18,7,0
US,38,2020-03-19,19,0
US,38,2020-03-20,26,0
US,38,2020-03-21,28,0
US,38,2020-03-22,30,0
US,38,2020-03-23,32,0
US,38,2020-03-24,36,0
US,38,2020-03-25,45,0
US,38,2020-03-26,58,0
US,38,2020-03-27,68,1
US,38,2020-03-28,93,1
US,38,2020-03-29,97,1
US,38,2020-03-30,109,3
US,38,2020-03-31,126,3
US,38,2020-04-01,147,3
US,38,2020-04-02,159,3
US,38,2020-04-03,173,3
US,38,2020-04-04,186,3
US,38,2020-04-05,207,3
US,38,2020-04-06,225,3
US,38,2020-04-07,237,4
US,38,2020-04-08,251,4
US,38,2020-04-09,269,5
US,38,2020-04-10,278,7
US,38,2020-04-11,293,7
US,38,2020-04-12,308,8
US,38,2020-04-13,331,9
US,38,2020-04-14,341,9
US,38,2020-04-15,365,9
US,38,2020-04-16,393,9
US,38,2020-04-17,393,9
US,38,2020-04-18,393,9
US,38,2020-04-19,393,9
US,38,2020-04-20,627,9
US,38,2020-04-21,643,9
US,38,2020-04-22,679,9
US,38,2020-04-23,709,9
US,38,2020-04-24,748,9
US,38,2020-04-25,803,9
US,38,2020-04-26,867,9
US,38,2020-04-27,941,9
US,38,2020-04-28,990,9
US,38,2020-04-29,1033,9
US,38,2020-04-30,1067,9
US,38,2020-05-01,1107,9
US,38,2020-05-02,1153,9
US,38,2020-05-03,1191,9
US,38,2020-05-04,1225,9
US,38,2020-05-05,1266,9
US,38,2020-05-06,1322,9
US,38,2020-05-07,1371,9
US,38,2020-05-08,1425,9
US,38,2020-05-09,1464,9
US,38,2020-05-10,1491,9
US,38,2020-05-11,1518,9
US,39,2020-03-09,3,0
US,39,2020-03-10,3,0
US,39,2020-03-11,4,0
US,39,2020-03-12,5,0
US,39,2020-03-13,13,0
US,39,2020-03-14,25,0
US,39,2020-03-15,37,0
US,39,2020-03-16,50,0
US,39,2020-03-17,67,0
US,39,2020-03-18,86,0
US,39,2020-03-19,119,0
US,39,2020-03-20,169,1
US,39,2020-03-21,247,3
US,39,2020-03-22,351,3
US,39,2020-03-23,431,6
US,39,2020-03-24,563,8
US,39,2020-03-25,703,10
US,39,2020-03-26,867,16
US,39,2020-03-27,1137,19
US,39,2020-03-28,1405,25
US,39,2020-03-29,1651,29
US,39,2020-03-30,1933,39
US,39,2020-03-31,2197,55
US,39,2020-04-01,2546,65
US,39,2020-04-02,2902,81
US,39,2020-04-03,3312,90
US,39,2020-04-04,3738,102
US,39,2020-04-05,4041,119
US,39,2020-04-06,4442,142
US,39,2020-04-07,4782,167
US,39,2020-04-08,5148,193
US,39,2020-04-09,5512,213
US,39,2020-04-10,5878,231
US,39,2020-04-11,6250,247
US,39,2020-04-12,6604,253
US,39,2020-04-13,6970,253
US,39,2020-04-14,7280,324
US,39,2020-04-15,7790,361
US,39,2020-04-16,8410,389
US,39,2020-04-17,9107,418
US,39,2020-04-18,10214,451
US,39,2020-04-19,11570,471
US,39,2020-04-20,12913,509
US,39,2020-04-21,13722,557
US,39,2020-04-22,14114,609
US,39,2020-04-23,14688,656
US,39,2020-04-24,15154,690
US,39,2020-04-25,15563,709
US,39,2020-04-26,15943,726
US,39,2020-04-27,16324,753
US,39,2020-04-28,16766,799
US,39,2020-04-29,17299,934
US,39,2020-04-30,18018,975
US,39,2020-05-01,18736,1002
US,39,2020-05-02,19333,1021
US,39,2020-05-03,19912,1038
US,39,2020-05-04,20473,1056
US,39,2020-05-05,20968,1132
US,39,2020-05-06,21574,1224
US,39,2020-05-07,22129,1271
US,39,2020-05-08,23015,1304
US,39,2020-05-09,23692,1331
US,39,2020-05-10,24081,1341
US,39,2020-05-11,24777,1357
US,40,2020-03-07,1,0
US,40,2020-03-08,1,0
US,40,2020-03-09,2,0
US,40,2020-03-10,2,0
US,40,2020-03-11,2,0
US,40,2020-03-12,3,0
US,40,2020-03-13,4,0
US,40,2020-03-14,4,0
US,40,2020-03-15,8,0
US,40,2020-03-16,10,0
US,40,2020-03-17,17,0
US,40,2020-03-18,29,1
US,40,2020-03-19,43,1
US,40,2020-03-20,49,1
US,40,2020-03-21,53,1
US,40,2020-03-22,67,2
US,40,2020-03-23,81,2
US,40,2020-03-24,106,3
US,40,2020-03-25,164,5
US,40,2020-03-26,243,7
US,40,2020-03-27,243,7
US,40,2020-03-28,377,15
US,40,2020-03-29,429,16
US,40,2020-03-30,480,17
US,40,2020-03-31,566,23
US,40,2020-04-01,720,29
US,40,2020-04-02,877,34
US,40,2020-04-03,987,38
US,40,2020-04-04,1157,42
US,40,2020-04-05,1251,46
US,40,2020-04-06,1325,51
US,40,2020-04-07,1469,67
US,40,2020-04-08,1522,79
US,40,2020-04-09,1681,80
US,40,2020-04-10,1790,88
US,40,2020-04-11,1868,94
US,40,2020-04-12,1970,96
US,40,2020-04-13,2063,96
US,40,2020-04-14,2182,108
US,40,2020-04-15,2261,123
US,40,2020-04-16,2355,131
US,40,2020-04-17,2355,131
US,40,2020-04-18,2355,131
US,40,2020-04-19,2355,131
US,40,2020-04-20,2355,131
US,40,2020-04-21,2805,164
US,40,2020-04-22,2893,170
US,40,2020-04-23,3015,179
US,40,2020-04-24,3015,179
US,40,2020-04-25,3192,194
US,40,2020-04-26,3251,195
US,40,2020-04-27,3279,197
US,40,2020-04-28,3408,207
US,40,2020-04-29,3473,214
US,40,2020-04-30,3617,222
US,40,2020-05-01,3748,230
US,40,2020-05-02,3851,238
US,40,2020-05-03,3971,238
US,40,2020-05-04,4043,238
US,40,2020-05-05,4125,247
US,40,2020-05-06,4201,253
US,40,2020-05-07,4329,260
US,40,2020-05-08,4423,266
US,40,2020-05-09,4487,270
US,40,2020-05-10,4586,272
US,40,2020-05-11,4613,274
US,41,2020-02-29,1,0
US,41,2020-03-01,1,0
US,41,2020-03-02,3,0
US,41,2020-03-03,3,0
US,41,2020-03-04,3,0
US,41,2020-03-05,3,0
US,41,2020-03-06,3,0
US,41,2020-03-07,6,0
US,41,2020-03-08,14,0
US,41,2020-03-09,14,0
US,41,2020-03-10,15,0
US,41,2020-03-11,19,0
US,41,2020-03-12,24,0
US,41,2020-03-13,30,0
US,41,2020-03-14,36,1
US,41,2020-03-15,39,1
US,41,2020-03-16,47,1
US,41,2020-03-17,65,1
US,41,2020-03-18,74,3
US,41,2020-03-19,88,3
US,41,2020-03-20,114,3
US,41,2020-03-21,137,4
US,41,2020-03-22,161,4
US,41,2020-03-23,190,5
US,41,2020-03-24,209,5
US,41,2020-03-25,265,10
US,41,2020-03-26,315,11
US,41,2020-03-27,414,12
US,41,2020-03-28,479,13
US,41,2020-03-29,548,13
US,41,2020-03-30,605,16
US,41,2020-03-31,689,18
US,41,2020-04-01,735,19
US,41,2020-04-02,825,21
US,41,2020-04-03,898,22
US,41,2020-04-04,999,26
US,41,2020-04-05,1067,27
US,41,2020-04-06,1132,29
US,41,2020-04-07,1181,33
US,41,2020-04-08,1239,38
US,41,2020-04-09,1321,44
US,41,2020-04-10,1371,48
US,41,2020-04-11,1447,51
US,41,2020-04-12,1527,52
US,41,2020-04-13,1583,52
US,41,2020-04-14,1633,55
US,41,2020-04-15,1663,58
US,41,2020-04-16,1736,64
US,41,2020-04-17,1784,70
US,41,2020-04-18,1842,72
US,41,2020-04-19,1909,74
US,41,2020-04-20,1954,75
US,41,2020-04-21,2002,78
US,41,2020-04-22,2059,78
US,41,2020-04-23,2126,83
US,41,2020-04-24,2177,86
US,41,2020-04-25,2253,87
US,41,2020-04-26,2311,91
US,41,2020-04-27,2353,92
US,41,2020-04-28,2385,99
US,41,2020-04-29,2446,101
US,41,2020-04-30,2510,103
US,41,2020-05-01,2578,104
US,41,2020-05-02,2635,109
US,41,2020-05-03,2680,109
US,41,2020-05-04,2759,109
US,41,2020-05-05,2839,113
US,41,2020-05-06,2916,115
US,41,2020-05-07,2988,121
US,41,2020-05-08,3068,124
US,41,2020-05-09,3160,127
US,41,2020-05-10,3228,127
US,41,2020-05-11,3286,130
US,42,2020-03-06,2,0
US,42,2020-03-07,2,0
US,42,2020-03-08,6,0
US,42,2020-03-09,12,0
US,42,2020-03-10,14,0
US,42,2020-03-11,19,0
US,42,2020-03-12,22,0
US,42,2020-03-13,41,0
US,42,2020-03-14,47,0
US,42,2020-03-15,76,0
US,42,2020-03-16,75,0
US,42,2020-03-17,95,0
US,42,2020-03-18,132,1
US,42,2020-03-19,184,1
US,42,2020-03-20,268,1
US,42,2020-03-21,371,2
US,42,2020-03-22,478,2
US,42,2020-03-23,644,6
US,42,2020-03-24,851,7
US,42,2020-03-25,1195,11
US,42,2020-03-26,1687,16
US,42,2020-03-27,2218,22
US,42,2020-03-28,2750,34
US,42,2020-03-29,3393,38
US,42,2020-03-30,4082,48
US,42,2020-03-31,4839,63
US,42,2020-04-01,5805,74
US,42,2020-04-02,7016,90
US,42,2020-04-03,8420,102
US,42,2020-04-04,10016,136
US,42,2020-04-05,11496,150
US,42,2020-04-06,12973,162
US,42,2020-04-07,14559,240
US,42,2020-04-08,16239,309
US,42,2020-04-09,18228,338
US,42,2020-04-10,19978,416
US,42,2020-04-11,21655,494
US,42,2020-04-12,22833,507
US,42,2020-04-13,24196,507
US,42,2020-04-14,25345,584
US,42,2020-04-15,26490,647
US,42,2020-04-16,27734,647
US,42,2020-04-17,29439,756
US,42,2020-04-18,31066,836
US,42,2020-04-19,32283,1112
US,42,2020-04-20,33231,1204
US,42,2020-04-21,34522,1390
US,42,2020-04-22,35679,1413
US,42,2020-04-23,37053,1421
US,42,2020-04-24,38652,1492
US,42,2020-04-25,40046,1536
US,42,2020-04-26,41164,1549
US,42,2020-04-27,42048,1596
US,42,2020-04-28,43262,1715
US,42,2020-04-29,44366,2192
US,42,2020-04-30,45759,2290
US,42,2020-05-01,46968,2352
US,42,2020-05-02,48300,2418
US,42,2020-05-03,49262,2444
US,42,2020-05-04,50086,2458
US,42,2020-05-05,50951,3010
US,42,2020-05-06,51837,3106
US,42,2020-05-07,52909,3412
US,42,2020-05-08,54232,3605
US,42,2020-05-09,55316,3688
US,42,2020-05-10,56610,3707
US,42,2020-05-11,57154,3731
US,44,2020-03-01,1,0
US,44,2020-03-02,2,0
US,44,2020-03-03,2,0
US,44,2020-03-04,2,0
US,44,2020-03-05,2,0
US,44,2020-03-06,2,0
US,44,2020-03-07,3,0
US,44,2020-03-08,3,0
US,44,2020-03-09,3,0
US,44,2020-03-10,5,0
US,44,2020-03-11,5,0
US,44,2020-03-12,5,0
US,44,2020-03-13,14,0
US,44,2020-03-14,20,0
US,44,2020-03-15,20,0
US,44,2020-03-16,21,0
US,44,2020-03-17,23,0
US,44,2020-03-18,33,0
US,44,2020-03-19,44,0
US,44,2020-03-20,44,0
US,44,2020-03-21,66,0
US,44,2020-03-22,83,0
US,44,2020-03-23,106,0
US,44,2020-03-24,106,0
US,44,2020-03-25,132,0
US,44,2020-03-26,165,0
US,44,2020-03-27,203,0
US,44,2020-03-28,239,2
US,44,2020-03-29,267,3
US,44,2020-03-30,406,4
US,44,2020-03-31,485,8
US,44,2020-04-01,563,10
US,44,2020-04-02,651,12
US,44,2020-04-03,705,14
US,44,2020-04-04,806,15
US,44,2020-04-05,922,25
US,44,2020-04-06,1082,27
US,44,2020-04-07,1229,30
US,44,2020-04-08,1439,35
US,44,2020-04-09,1712,43
US,44,2020-04-10,2015,49
US,44,2020-04-11,2348,56
US,44,2020-04-12,2665,63
US,44,2020-04-13,2976,73
US,44,2020-04-14,3251,80
US,44,2020-04-15,3529,87
US,44,2020-04-16,3838,105
US,44,2020-04-17,4177,118
US,44,2020-04-18,4491,137
US,44,2020-04-19,4707,150
US,44,2020-04-20,5090,155
US,44,2020-04-21,5361,171
US,44,2020-04-22,5841,181
US,44,2020-04-23,6194,189
US,44,2020-04-24,6511,202
US,44,2020-04-25,6875,215
US,44,2020-04-26,7274,226
US,44,2020-04-27,7491,233
US,44,2020-04-28,7603,239
US,44,2020-04-29,8123,251
US,44,2020-04-30,8477,266
US,44,2020-05-01,8755,279
US,44,2020-05-02,9044,296
US,44,2020-05-03,9288,320
US,44,2020-05-04,9416,341
US,44,2020-05-05,10296,355
US,44,2020-05-06,10296,370
US,44,2020-05-07,10530,388
US,44,2020-05-08,10779,399
US,44,2020-05-09,10989,418
US,44,2020-05-10,11274,422
US,44,2020-05-11,11450,430
US,45,2020-03-06,2,0
US,45,2020-03-07,5,0
US,45,2020-03-08,7,0
US,45,2020-03-09,9,0
US,45,2020-03-10,10,0
US,45,2020-03-11,12,0
US,45,2020-03-12,13,0
US,45,2020-03-13,13,0
US,45,2020-03-14,19,0
US,45,2020-03-15,28,0
US,45,2020-03-16,33,1
US,45,2020-03-17,47,1
US,45,2020-03-18,60,1
US,45,2020-03-19,80,1
US,45,2020-03-20,124,1
US,45,2020-03-21,171,3
US,45,2020-03-22,193,3
US,45,2020-03-23,297,5
US,45,2020-03-24,340,7
US,45,2020-03-25,424,7
US,45,2020-03-26,453,10
US,45,2020-03-27,539,9
US,45,2020-03-28,660,15
US,45,2020-03-29,774,16
US,45,2020-03-30,925,18
US,45,2020-03-31,1083,22
US,45,2020-04-01,1293,26
US,45,2020-04-02,1553,32
US,45,2020-04-03,1699,35
US,45,2020-04-04,1913,41
US,45,2020-04-05,2048,45
US,45,2020-04-06,2230,49
US,45,2020-04-07,2417,53
US,45,2020-04-08,2552,63
US,45,2020-04-09,2792,67
US,45,2020-04-10,3064,72
US,45,2020-04-11,3064,72
US,45,2020-04-12,3318,82
US,45,2020-04-13,3438,82
US,45,2020-04-14,3553,95
US,45,2020-04-15,3656,104
US,45,2020-04-16,3917,109
US,45,2020-04-17,4080,116
US,45,2020-04-18,4240,119
US,45,2020-04-19,4369,120
US,45,2020-04-20,4434,124
US,45,2020-04-21,4605,135
US,45,2020-04-22,4758,140
US,45,2020-04-23,4916,150
US,45,2020-04-24,5068,157
US,45,2020-04-25,5243,166
US,45,2020-04-26,5243,166
US,45,2020-04-27,5611,177
US,45,2020-04-28,5734,192
US,45,2020-04-29,5881,232
US,45,2020-04-30,6095,244
US,45,2020-05-01,6254,256
US,45,2020-05-02,6485,267
US,45,2020-05-03,6617,275
US,45,2020-05-04,6748,283
US,45,2020-05-05,6837,296
US,45,2020-05-06,6936,305
US,45,2020-05-07,7140,316
US,45,2020-05-08,7365,320
US,45,2020-05-09,7530,330
US,45,2020-05-10,7653,331
US,45,2020-05-11,7792,346
US,46,2020-03-09,1,0
US,46,2020-03-10,5,1
US,46,2020-03-11,7,1
US,46,2020-03-12,8,1
US,46,2020-03-13,9,1
US,46,2020-03-14,9,1
US,46,2020-03-15,9,1
US,46,2020-03-16,10,1
US,46,2020-03-17,11,1
US,46,2020-03-18,11,1
US,46,2020-03-19,14,1
US,46,2020-03-20,14,1
US,46,2020-03-21,14,1
US,46,2020-03-22,21,1
US,46,2020-03-23,27,1
US,46,2020-03-24,30,1
US,46,2020-03-25,41,1
US,46,2020-03-26,46,1
US,46,2020-03-27,58,1
US,46,2020-03-28,68,1
US,46,2020-03-29,90,1
US,46,2020-03-30,100,1
US,46,2020-03-31,100,1
US,46,2020-04-01,129,2
US,46,2020-04-02,165,2
US,46,2020-04-03,187,2
US,46,2020-04-04,212,2
US,46,2020-04-05,240,2
US,46,2020-04-06,285,3
US,46,2020-04-07,320,5
US,46,2020-04-08,393,5
US,46,2020-04-09,447,5
US,46,2020-04-10,534,5
US,46,2020-04-11,626,5
US,46,2020-04-12,730,5
US,46,2020-04-13,868,5
US,46,2020-04-14,988,5
US,46,2020-04-15,1168,5
US,46,2020-04-16,1311,6
US,46,2020-04-17,1411,6
US,46,2020-04-18,1541,7
US,46,2020-04-19,1635,7
US,46,2020-04-20,1635,7
US,46,2020-04-21,1755,8
US,46,2020-04-22,1858,9
US,46,2020-04-23,1956,9
US,46,2020-04-24,2039,9
US,46,2020-04-25,2147,10
US,46,2020-04-26,2212,11
US,46,2020-04-27,2244,11
US,46,2020-04-28,2312,11
US,46,2020-04-29,2373,13
US,46,2020-04-30,2449,17
US,46,2020-05-01,2524,21
US,46,2020-05-02,2587,21
US,46,2020-05-03,2630,21
US,46,2020-05-04,2667,21
US,46,2020-05-05,2720,24
US,46,2020-05-06,2778,29
US,46,2020-05-07,2905,31
US,46,2020-05-08,3144,31
US,46,2020-05-09,3392,34
US,46,2020-05-10,3516,34
US,46,2020-05-11,3614,34
US,47,2020-03-05,1,0
US,47,2020-03-06,1,0
US,47,2020-03-07,1,0
US,47,2020-03-08,3,0
US,47,2020-03-09,3,0
US,47,2020-03-10,7,0
US,47,2020-03-11,8,0
US,47,2020-03-12,17,0
US,47,2020-03-13,18,0
US,47,2020-03-14,32,0
US,47,2020-03-15,39,0
US,47,2020-03-16,76,0
US,47,2020-03-17,73,0
US,47,2020-03-18,98,0
US,47,2020-03-19,154,0
US,47,2020-03-20,227,1
US,47,2020-03-21,368,1
US,47,2020-03-22,499,2
US,47,2020-03-23,615,2
US,47,2020-03-24,667,2
US,47,2020-03-25,780,4
US,47,2020-03-26,956,4
US,47,2020-03-27,1201,6
US,47,2020-03-28,1370,6
US,47,2020-03-29,1579,6
US,47,2020-03-30,1833,13
US,47,2020-03-31,2238,22
US,47,2020-04-01,2681,24
US,47,2020-04-02,2844,31
US,47,2020-04-03,3066,37
US,47,2020-04-04,3319,43
US,47,2020-04-05,3631,45
US,47,2020-04-06,3800,65
US,47,2020-04-07,4136,72
US,47,2020-04-08,4361,79
US,47,2020-04-09,4632,94
US,47,2020-04-10,4859,97
US,47,2020-04-11,5111,101
US,47,2020-04-12,5302,101
US,47,2020-04-13,5604,109
US,47,2020-04-14,5816,124
US,47,2020-04-15,6073,134
US,47,2020-04-16,6260,140
US,47,2020-04-17,6581,142
US,47,2020-04-18,6753,145
US,47,2020-04-19,7064,148
US,47,2020-04-20,7232,152
US,47,2020-04-21,7389,157
US,47,2020-04-22,7835,166
US,47,2020-04-23,8262,170
US,47,2020-04-24,8722,170
US,47,2020-04-25,9186,178
US,47,2020-04-26,9662,181
US,47,2020-04-27,9914,184
US,47,2020-04-28,10049,184
US,47,2020-04-29,10363,194
US,47,2020-04-30,10731,199
US,47,2020-05-01,11889,204
US,47,2020-05-02,12659,209
US,47,2020-05-03,13176,210
US,47,2020-05-04,13528,219
US,47,2020-05-05,13639,226
US,47,2020-05-06,13929,238
US,47,2020-05-07,14091,237
US,47,2020-05-08,14437,241
US,47,2020-05-09,14764,242
US,47,2020-05-10,14984,243
US,47,2020-05-11,15544,251
US,48,2020-03-05,3,0
US,48,2020-03-06,4,0
US,48,2020-03-07,8,0
US,48,2020-03-08,11,0
US,48,2020-03-09,16,0
US,48,2020-03-10,21,0
US,48,2020-03-11,21,0
US,48,2020-03-12,23,0
US,48,2020-03-13,38,0
US,48,2020-03-14,51,0
US,48,2020-03-15,59,0
US,48,2020-03-16,60,1
US,48,2020-03-17,76,1
US,48,2020-03-18,107,2
US,48,2020-03-19,230,4
US,48,2020-03-20,304,5
US,48,2020-03-21,338,5
US,48,2020-03-22,365,5
US,48,2020-03-23,702,9
US,48,2020-03-24,894,11
US,48,2020-03-25,1211,15
US,48,2020-03-26,1576,21
US,48,2020-03-27,1915,23
US,48,2020-03-28,2225,30
US,48,2020-03-29,2663,35
US,48,2020-03-30,3085,39
US,48,2020-03-31,3604,50
US,48,2020-04-01,4268,64
US,48,2020-04-02,4954,77
US,48,2020-04-03,5704,90
US,48,2020-04-04,6363,107
US,48,2020-04-05,7007,127
US,48,2020-04-06,7583,141
US,48,2020-04-07,8653,155
US,48,2020-04-08,9717,178
US,48,2020-04-09,10563,199
US,48,2020-04-10,12033,226
US,48,2020-04-11,12958,254
US,48,2020-04-12,13735,271
US,48,2020-04-13,14212,271
US,48,2020-04-14,14624,318
US,48,2020-04-15,15916,364
US,48,2020-04-16,16836,393
US,48,2020-04-17,17758,428
US,48,2020-04-18,18257,453
US,48,2020-04-19,19099,477
US,48,2020-04-20,19455,495
US,48,2020-04-21,20192,517
US,48,2020-04-22,21061,543
US,48,2020-04-23,21942,560
US,48,2020-04-24,22802,592
US,48,2020-04-25,23768,622
US,48,2020-04-26,24617,646
US,48,2020-04-27,25276,662
US,48,2020-04-28,26111,689
US,48,2020-04-29,26973,731
US,48,2020-04-30,27991,781
US,48,2020-05-01,29112,815
US,48,2020-05-02,30394,846
US,48,2020-05-03,31394,866
US,48,2020-05-04,32179,883
US,48,2020-05-05,33214,906
US,48,2020-05-06,34246,947
US,48,2020-05-07,35384,973
US,48,2020-05-08,36608,1004
US,48,2020-05-09,37858,1049
US,48,2020-05-10,38868,1088
US,48,2020-05-11,39869,1100
US,49,2020-03-07,1,0
US,49,2020-03-08,1,0
US,49,2020-03-09,2,0
US,49,2020-03-10,2,0
US,49,2020-03-11,2,0
US,49,2020-03-12,5,0
US,49,2020-03-13,6,0
US,49,2020-03-14,19,0
US,49,2020-03-15,21,0
US,49,2020-03-16,30,1
US,49,2020-03-17,51,0
US,49,2020-03-18,65,0
US,49,2020-03-19,78,0
US,49,2020-03-20,112,0
US,49,2020-03-21,136,0
US,49,2020-03-22,180,1
US,49,2020-03-23,257,1
US,49,2020-03-24,298,1
US,49,2020-03-25,345,1
US,49,2020-03-26,410,2
US,49,2020-03-27,482,2
US,49,2020-03-28,603,3
US,49,2020-03-29,712,3
US,49,2020-03-30,804,4
US,49,2020-03-31,887,4
US,49,2020-04-01,1013,7
US,49,2020-04-02,1076,7
US,49,2020-04-03,1244,7
US,49,2020-04-04,1422,8
US,49,2020-04-05,1605,8
US,49,2020-04-06,1675,13
US,49,2020-04-07,1739,13
US,49,2020-04-08,1848,13
US,49,2020-04-09,1979,13
US,49,2020-04-10,2103,17
US,49,2020-04-11,2206,18
US,49,2020-04-12,2304,18
US,49,2020-04-13,2362,18
US,49,2020-04-14,2416,19
US,49,2020-04-15,2550,20
US,49,2020-04-16,2690,21
US,49,2020-04-17,2812,23
US,49,2020-04-18,2938,25
US,49,2020-04-19,3068,28
US,49,2020-04-20,3219,28
US,49,2020-04-21,3302,32
US,49,2020-04-22,3454,34
US,49,2020-04-23,3620,35
US,49,2020-04-24,3777,35
US,49,2020-04-25,3952,41
US,49,2020-04-26,4122,41
US,49,2020-04-27,4239,41
US,49,2020-04-28,4343,45
US,49,2020-04-29,4500,45
US,49,2020-04-30,4676,46
US,49,2020-05-01,4832,46
US,49,2020-05-02,4986,49
US,49,2020-05-03,5176,50
US,49,2020-05-04,5324,50
US,49,2020-05-05,5453,56
US,49,2020-05-06,5599,58
US,49,2020-05-07,5727,61
US,49,2020-05-08,5928,61
US,49,2020-05-09,6108,68
US,49,2020-05-10,6254,66
US,49,2020-05-11,6370,68
US,50,2020-03-08,1,0
US,50,2020-03-09,1,0
US,50,2020-03-10,1,0
US,50,2020-03-11,1,0
US,50,2020-03-12,2,0
US,50,2020-03-13,2,0
US,50,2020-03-14,4,0
US,50,2020-03-15,4,0
US,50,2020-03-16,8,0
US,50,2020-03-17,12,0
US,50,2020-03-18,18,0
US,50,2020-03-19,21,2
US,50,2020-03-20,33,2
US,50,2020-03-21,49,2
US,50,2020-03-22,53,2
US,50,2020-03-23,76,4
US,50,2020-03-24,95,6
US,50,2020-03-25,123,7
US,50,2020-03-26,158,8
US,50,2020-03-27,184,9
US,50,2020-03-28,211,12
US,50,2020-03-29,234,12
US,50,2020-03-30,256,12
US,50,2020-03-31,292,10
US,50,2020-04-01,320,13
US,50,2020-04-02,338,14
US,50,2020-04-03,389,14
US,50,2020-04-04,461,16
US,50,2020-04-05,512,18
US,50,2020-04-06,543,19
US,50,2020-04-07,575,23
US,50,2020-04-08,605,23
US,50,2020-04-09,628,23
US,50,2020-04-10,679,23
US,50,2020-04-11,711,24
US,50,2020-04-12,727,26
US,50,2020-04-13,748,27
US,50,2020-04-14,752,28
US,50,2020-04-15,759,29
US,50,2020-04-16,768,34
US,50,2020-04-17,779,34
US,50,2020-04-18,802,36
US,50,2020-04-19,811,36
US,50,2020-04-20,813,37
US,50,2020-04-21,816,39
US,50,2020-04-22,820,39
US,50,2020-04-23,824,42
US,50,2020-04-24,826,43
US,50,2020-04-25,841,45
US,50,2020-04-26,849,45
US,50,2020-04-27,854,46
US,50,2020-04-28,861,46
US,50,2020-04-29,861,46
US,50,2020-04-30,865,48
US,50,2020-05-01,878,49
US,50,2020-05-02,885,50
US,50,2020-05-03,897,52
US,50,2020-05-04,902,52
US,50,2020-05-05,905,52
US,50,2020-05-06,908,52
US,50,2020-05-07,915,53
US,50,2020-05-08,917,53
US,50,2020-05-09,920,53
US,50,2020-05-10,926,53
US,50,2020-05-11,926,53
US,51,2020-03-08,2,0
US,51,2020-03-09,9,0
US,51,2020-03-10,9,0
US,51,2020-03-11,9,0
US,51,2020-03-12,9,0
US,51,2020-03-13,37,0
US,51,2020-03-14,37,1
US,51,2020-03-15,40,1
US,51,2020-03-16,45,2
US,51,2020-03-17,67,2
US,51,2020-03-18,77,2
US,51,2020-03-19,94,2
US,51,2020-03-20,114,2
US,51,2020-03-21,152,2
US,51,2020-03-22,219,3
US,51,2020-03-23,254,6
US,51,2020-03-24,290,6
US,51,2020-03-25,391,9
US,51,2020-03-26,460,13
US,51,2020-03-27,604,14
US,51,2020-03-28,739,17
US,51,2020-03-29,890,22
US,51,2020-03-30,1020,25
US,51,2020-03-31,1250,27
US,51,2020-04-01,1484,34
US,51,2020-04-02,1706,41
US,51,2020-04-03,2012,46
US,51,2020-04-04,2407,52
US,51,2020-04-05,2637,51
US,51,2020-04-06,2878,54
US,51,2020-04-07,3333,63
US,51,2020-04-08,3645,75
US,51,2020-04-09,4042,109
US,51,2020-04-10,4509,121
US,51,2020-04-11,5076,130
US,51,2020-04-12,5273,141
US,51,2020-04-13,5746,149
US,51,2020-04-14,6170,154
US,51,2020-04-15,6499,195
US,51,2020-04-16,6888,208
US,51,2020-04-17,7490,231
US,51,2020-04-18,8052,257
US,51,2020-04-19,8536,276
US,51,2020-04-20,8989,299
US,51,2020-04-21,9629,323
US,51,2020-04-22,10265,348
US,51,2020-04-23,10998,372
US,51,2020-04-24,12374,440
US,51,2020-04-25,12970,440
US,51,2020-04-26,12970,436
US,51,2020-04-27,13545,462
US,51,2020-04-28,14346,495
US,51,2020-04-29,14966,525
US,51,2020-04-30,15852,556
US,51,2020-05-01,16906,585
US,51,2020-05-02,17741,621
US,51,2020-05-03,18676,665
US,51,2020-05-04,19496,689
US,51,2020-05-05,20267,718
US,51,2020-05-06,20267,718
US,51,2020-05-07,21579,774
US,51,2020-05-08,22349,816
US,51,2020-05-09,23203,832
US,51,2020-05-10,24088,844
US,51,2020-05-11,25074,854
US,53,2020-01-22,1,0
US,53,2020-01-23,1,0
US,53,2020-01-24,1,0
US,53,2020-01-25,1,0
US,53,2020-01-26,1,0
US,53,2020-01-27,1,0
US,53,2020-01-28,1,0
US,53,2020-01-29,1,0
US,53,2020-01-30,1,0
US,53,2020-01-31,1,0
US,53,2020-02-01,1,0
US,53,2020-02-02,1,0
US,53,2020-02-03,1,0
US,53,2020-02-04,1,0
US,53,2020-02-05,1,0
US,53,2020-02-06,1,0
US,53,2020-02-07,1,0
US,53,2020-02-08,1,0
US,53,2020-02-09,1,0
US,53,2020-02-10,1,0
US,53,2020-02-11,1,0
US,53,2020-02-12,1,0
US,53,2020-02-13,1,0
US,53,2020-02-14,1,0
US,53,2020-02-15,1,0
US,53,2020-02-16,1,0
US,53,2020-02-17,1,0
US,53,2020-02-18,1,0
US,53,2020-02-19,1,0
US,53,2020-02-20,1,0
US,53,2020-02-21,1,0
US,53,2020-02-22,1,0
US,53,2020-02-23,1,0
US,53,2020-02-24,1,0
US,53,2020-02-25,1,0
US,53,2020-02-26,1,0
US,53,2020-02-27,1,0
US,53,2020-02-28,1,0
US,53,2020-02-29,7,1
US,53,2020-03-01,11,1
US,53,2020-03-02,18,6
US,53,2020-03-03,27,7
US,53,2020-03-04,39,10
US,53,2020-03-05,70,11
US,53,2020-03-06,78,13
US,53,2020-03-07,102,16
US,53,2020-03-08,122,19
US,53,2020-03-09,162,23
US,53,2020-03-10,265,24
US,53,2020-03-11,365,29
US,53,2020-03-12,457,31
US,53,2020-03-13,568,37
US,53,2020-03-14,642,40
US,53,2020-03-15,769,42
US,53,2020-03-16,906,48
US,53,2020-03-17,1006,52
US,53,2020-03-18,1187,66
US,53,2020-03-19,1376,74
US,53,2020-03-20,1524,83
US,53,2020-03-21,1790,94
US,53,2020-03-22,1996,95
US,53,2020-03-23,2221,110
US,53,2020-03-24,2455,123
US,53,2020-03-25,2581,132
US,53,2020-03-26,3206,149
US,53,2020-03-27,3759,176
US,53,2020-03-28,4289,184
US,53,2020-03-29,4896,195
US,53,2020-03-30,5414,218
US,53,2020-03-31,5662,222
US,53,2020-04-01,6264,251
US,53,2020-04-02,6818,265
US,53,2020-04-03,7119,288
US,53,2020-04-04,7655,310
US,53,2020-04-05,8017,338
US,53,2020-04-06,8383,372
US,53,2020-04-07,8681,394
US,53,2020-04-08,9096,421
US,53,2020-04-09,9606,446
US,53,2020-04-10,9884,474
US,53,2020-04-11,10223,491
US,53,2020-04-12,10411,508
US,53,2020-04-13,10537,508
US,53,2020-04-14,10693,541
US,53,2020-04-15,10778,567
US,53,2020-04-16,11148,583
US,53,2020-04-17,11444,603
US,53,2020-04-18,11800,624
US,53,2020-04-19,11789,634
US,53,2020-04-20,12084,652
US,53,2020-04-21,12280,682
US,53,2020-04-22,12494,692
US,53,2020-04-23,12752,711
US,53,2020-04-24,12977,723
US,53,2020-04-25,13316,738
US,53,2020-04-26,13520,749
US,53,2020-04-27,13686,765
US,53,2020-04-28,13841,786
US,53,2020-04-29,14070,801
US,53,2020-04-30,14326,814
US,53,2020-05-01,14634,823
US,53,2020-05-02,15001,830
US,53,2020-05-03,15181,834
US,53,2020-05-04,15459,841
US,53,2020-05-05,15593,862
US,53,2020-05-06,15904,870
US,53,2020-05-07,16230,891
US,53,2020-05-08,16387,905
US,53,2020-05-09,16673,921
US,53,2020-05-10,16891,931
US,53,2020-05-11,17122,945
US,54,2020-03-17,1,1
US,54,2020-03-18,2,0
US,54,2020-03-19,4,0
US,54,2020-03-20,8,0
US,54,2020-03-21,12,0
US,54,2020-03-22,16,0
US,54,2020-03-23,20,0
US,54,2020-03-24,38,0
US,54,2020-03-25,49,0
US,54,2020-03-26,49,0
US,54,2020-03-27,96,0
US,54,2020-03-28,113,0
US,54,2020-03-29,123,1
US,54,2020-03-30,145,1
US,54,2020-03-31,162,1
US,54,2020-04-01,189,2
US,54,2020-04-02,217,2
US,54,2020-04-03,237,2
US,54,2020-04-04,281,2
US,54,2020-04-05,320,3
US,54,2020-04-06,345,4
US,54,2020-04-07,412,4
US,54,2020-04-08,479,4
US,54,2020-04-09,520,5
US,54,2020-04-10,573,5
US,54,2020-04-11,591,6
US,54,2020-04-12,607,8
US,54,2020-04-13,631,9
US,54,2020-04-14,689,10
US,54,2020-04-15,718,12
US,54,2020-04-16,722,13
US,54,2020-04-17,773,16
US,54,2020-04-18,822,18
US,54,2020-04-19,887,20
US,54,2020-04-20,906,26
US,54,2020-04-21,928,26
US,54,2020-04-22,960,29
US,54,2020-04-23,980,31
US,54,2020-04-24,1019,31
US,54,2020-04-25,1025,33
US,54,2020-04-26,1050,34
US,54,2020-04-27,1076,37
US,54,2020-04-28,1092,38
US,54,2020-04-29,1107,40
US,54,2020-04-30,1124,44
US,54,2020-05-01,1151,46
US,54,2020-05-02,1181,50
US,54,2020-05-03,1191,50
US,54,2020-05-04,1220,50
US,54,2020-05-05,1239,50
US,54,2020-05-06,1274,51
US,54,2020-05-07,1295,51
US,54,2020-05-08,1323,52
US,54,2020-05-09,1347,53
US,54,2020-05-10,1360,54
US,54,2020-05-11,1369,57
US,55,2020-03-09,3,0
US,55,2020-03-10,3,0
US,55,2020-03-11,3,0
US,55,2020-03-12,6,0
US,55,2020-03-13,19,0
US,55,2020-03-14,27,0
US,55,2020-03-15,33,0
US,55,2020-03-16,47,0
US,55,2020-03-17,72,0
US,55,2020-03-18,106,0
US,55,2020-03-19,155,2
US,55,2020-03-20,206,3
US,55,2020-03-21,281,4
US,55,2020-03-22,381,4
US,55,2020-03-23,410,5
US,55,2020-03-24,455,5
US,55,2020-03-25,584,6
US,55,2020-03-26,707,8
US,55,2020-03-27,842,12
US,55,2020-03-28,989,13
US,55,2020-03-29,1112,13
US,55,2020-03-30,1221,14
US,55,2020-03-31,1351,16
US,55,2020-04-01,1549,24
US,55,2020-04-02,1730,31
US,55,2020-04-03,1916,37
US,55,2020-04-04,2112,56
US,55,2020-04-05,2266,68
US,55,2020-04-06,2438,77
US,55,2020-04-07,2578,92
US,55,2020-04-08,2756,99
US,55,2020-04-09,2885,111
US,55,2020-04-10,3068,128
US,55,2020-04-11,3213,137
US,55,2020-04-12,3341,144
US,55,2020-04-13,3427,144
US,55,2020-04-14,3555,169
US,55,2020-04-15,3721,181
US,55,2020-04-16,3874,197
US,55,2020-04-17,4044,205
US,55,2020-04-18,4195,211
US,55,2020-04-19,4342,220
US,55,2020-04-20,4498,230
US,55,2020-04-21,4620,242
US,55,2020-04-22,4845,246
US,55,2020-04-23,5050,257
US,55,2020-04-24,5354,262
US,55,2020-04-25,5686,266
US,55,2020-04-26,5911,272
US,55,2020-04-27,6081,281
US,55,2020-04-28,6289,300
US,55,2020-04-29,6519,308
US,55,2020-04-30,6853,316
US,55,2020-05-01,7313,326
US,55,2020-05-02,7660,334
US,55,2020-05-03,7964,339
US,55,2020-05-04,8236,340
US,55,2020-05-05,8565,353
US,55,2020-05-06,8899,362
US,55,2020-05-07,9215,374
US,55,2020-05-08,9590,384
US,55,2020-05-09,9938,398
US,55,2020-05-10,10217,400
US,55,2020-05-11,10418,409
US,56,2020-03-12,1,0
US,56,2020-03-13,2,0
US,56,2020-03-14,3,0
US,56,2020-03-15,3,0
US,56,2020-03-16,10,0
US,56,2020-03-17,15,0
US,56,2020-03-18,18,0
US,56,2020-03-19,18,0
US,56,2020-03-20,22,0
US,56,2020-03-21,24,0
US,56,2020-03-22,26,0
US,56,2020-03-23,29,0
US,56,2020-03-24,37,0
US,56,2020-03-25,49,0
US,56,2020-03-26,55,0
US,56,2020-03-27,73,0
US,56,2020-03-28,84,0
US,56,2020-03-29,85,0
US,56,2020-03-30,95,0
US,56,2020-03-31,120,0
US,56,2020-04-01,137,0
US,56,2020-04-02,153,0
US,56,2020-04-03,166,0
US,56,2020-04-04,187,0
US,56,2020-04-05,199,0
US,56,2020-04-06,212,0
US,56,2020-04-07,221,0
US,56,2020-04-08,230,0
US,56,2020-04-09,239,0
US,56,2020-04-10,252,0
US,56,2020-04-11,261,0
US,56,2020-04-12,270,0
US,56,2020-04-13,275,1
US,56,2020-04-14,282,1
US,56,2020-04-15,288,2
US,56,2020-04-16,296,2
US,56,2020-04-17,305,2
US,56,2020-04-18,309,2
US,56,2020-04-19,313,2
US,56,2020-04-20,317,2
US,56,2020-04-21,322,2
US,56,2020-04-22,326,7
US,56,2020-04-23,331,7
US,56,2020-04-24,348,7
US,56,2020-04-25,360,7
US,56,2020-04-26,367,7
US,56,2020-04-27,388,7
US,56,2020-04-28,394,7
US,56,2020-04-29,403,7
US,56,2020-04-30,414,7
US,56,2020-05-01,419,7
US,56,2020-05-02,429,7
US,56,2020-05-03,435,7
US,56,2020-05-04,444,7
US,56,2020-05-05,452,7
US,56,2020-05-06,479,7
US,56,2020-05-07,483,7
US,56,2020-05-08,490,7
US,56,2020-05-09,495,7
US,56,2020-05-10,504,7
US,56,2020-05-11,510,7
